mean_fit_time,std_fit_time,mean_score_time,std_score_time,param_border_count,param_colsample_bylevel,param_depth,param_grow_policy,param_iterations,param_l2_leaf_reg,param_learning_rate,param_min_data_in_leaf,param_random_strength,param_subsample,params,split0_test_score,split1_test_score,split2_test_score,split3_test_score,split4_test_score,mean_test_score,std_test_score,rank_test_score,total_hpo_time_s,final_model_training_time_s
54.01010904312134,9.579761902878786,0.2456874847412109,0.0272362275658587,152,0.9389628960580698,8,SymmetricTree,520,1.7800932022121825,0.0283991780504303,11,0.5592488919658671,0.8001125833417065,"{'border_count': 152, 'colsample_bylevel': np.float64(0.9389628960580698), 'depth': 8, 'grow_policy': 'SymmetricTree', 'iterations': 520, 'l2_leaf_reg': np.float64(1.7800932022121825), 'learning_rate': np.float64(0.028399178050430397), 'min_data_in_leaf': 11, 'random_strength': np.float64(0.5592488919658671), 'subsample': np.float64(0.8001125833417065)}",-0.2504210958050231,-0.2618577408320646,-0.2791796271462057,-0.2838403070129063,-0.2479433427246162,-0.2646484227041631,0.0146201830288538,11,1215.4231193065643,5.797320127487183
53.43279776573181,5.356258993527734,0.0995121479034423,0.0571024653437551,153,0.9124217733388136,11,SymmetricTree,1269,4.609993861334123,0.1457829063523625,2,0.2818249672071006,0.7550213529560301,"{'border_count': 153, 'colsample_bylevel': np.float64(0.9124217733388136), 'depth': 11, 'grow_policy': 'SymmetricTree', 'iterations': 1269, 'l2_leaf_reg': np.float64(4.609993861334123), 'learning_rate': np.float64(0.14578290635236252), 'min_data_in_leaf': 2, 'random_strength': np.float64(0.2818249672071006), 'subsample': np.float64(0.7550213529560301)}",-0.2551020742920897,-0.2723924816635082,-0.2833704277590852,-0.2949645468903663,-0.2626600771278685,-0.2736979215465836,0.0142490031072791,91,1215.4231193065643,5.797320127487183
74.9646502494812,4.327051418863189,0.0474997043609619,0.0328733984943207,253,0.8834959481464842,10,SymmetricTree,1060,3.6238733012919457,0.0649791457572883,28,1.0737555188414591,0.7698314021290912,"{'border_count': 253, 'colsample_bylevel': np.float64(0.8834959481464842), 'depth': 10, 'grow_policy': 'SymmetricTree', 'iterations': 1060, 'l2_leaf_reg': np.float64(3.6238733012919457), 'learning_rate': np.float64(0.06497914575728832), 'min_data_in_leaf': 28, 'random_strength': np.float64(1.0737555188414591), 'subsample': np.float64(0.7698314021290912)}",-0.2497476437984836,-0.2670167317624992,-0.276412011682042,-0.2897870118765439,-0.2558537492405192,-0.2677634296720176,0.0143304063465986,44,1215.4231193065643,5.797320127487183
42.05588784217834,12.493460474825262,0.077973461151123,0.0661001835951807,239,0.935552788417904,8,Lossguide,743,3.962072844310213,0.0119675619079996,7,0.2705241236872915,0.7195154778955838,"{'border_count': 239, 'colsample_bylevel': np.float64(0.935552788417904), 'depth': 8, 'grow_policy': 'Lossguide', 'iterations': 743, 'l2_leaf_reg': np.float64(3.9620728443102124), 'learning_rate': np.float64(0.01196756190799966), 'min_data_in_leaf': 7, 'random_strength': np.float64(0.2705241236872915), 'subsample': np.float64(0.7195154778955838)}",-0.2495265092206616,-0.2620241449180637,-0.275763605957504,-0.279460443818143,-0.2493469133847989,-0.2632243234598342,0.0126688457540499,3,1215.4231193065643,5.797320127487183
25.26467056274414,6.387104450074276,0.0199914455413818,0.0049599593130655,181,0.9826605267054558,11,Depthwise,1276,1.079831261101071,0.0396340738433223,28,0.5401524937396013,0.7366114704534336,"{'border_count': 181, 'colsample_bylevel': np.float64(0.9826605267054558), 'depth': 11, 'grow_policy': 'Depthwise', 'iterations': 1276, 'l2_leaf_reg': np.float64(1.079831261101071), 'learning_rate': np.float64(0.03963407384332235), 'min_data_in_leaf': 28, 'random_strength': np.float64(0.5401524937396013), 'subsample': np.float64(0.7366114704534336)}",-0.2520735102420969,-0.2635206528306586,-0.2789092240721026,-0.2849545701525511,-0.2574612714718374,-0.2673838457538493,0.0125646553052621,37,1215.4231193065643,5.797320127487183
10.214090633392336,0.7805398023852573,0.0224527359008789,0.0114214841563964,57,0.7103165563345655,11,SymmetricTree,1431,1.9111804389403115,0.1183042115476478,6,0.3079416628681888,0.8703100983459974,"{'border_count': 57, 'colsample_bylevel': np.float64(0.7103165563345655), 'depth': 11, 'grow_policy': 'SymmetricTree', 'iterations': 1431, 'l2_leaf_reg': np.float64(1.9111804389403115), 'learning_rate': np.float64(0.11830421154764786), 'min_data_in_leaf': 6, 'random_strength': np.float64(0.3079416628681888), 'subsample': np.float64(0.8703100983459974)}",-0.2560670382528662,-0.2667219039030196,-0.2800895220767014,-0.2987372319657032,-0.2592513329136648,-0.2721734058223911,0.0156487422730637,84,1215.4231193065643,5.797320127487183
11.597405338287354,1.2307992440145334,0.0145873069763183,0.0037965774613988,240,0.9526854323784996,9,Depthwise,701,5.474136752138244,0.0946849968216627,48,0.4265407688058353,0.8711331923216198,"{'border_count': 240, 'colsample_bylevel': np.float64(0.9526854323784995), 'depth': 9, 'grow_policy': 'Depthwise', 'iterations': 701, 'l2_leaf_reg': np.float64(5.474136752138244), 'learning_rate': np.float64(0.09468499682166277), 'min_data_in_leaf': 48, 'random_strength': np.float64(0.42654076880583536), 'subsample': np.float64(0.8711331923216198)}",-0.2510493369072745,-0.2617761628082773,-0.2806505055599845,-0.2868400200806775,-0.2566139452394809,-0.2673859941191389,0.0139197701355774,38,1215.4231193065643,5.797320127487183
17.926806688308716,1.259064534581924,0.018418550491333,0.0027961519046672,239,0.7975990992289792,10,Depthwise,1378,5.143687545759647,0.0585129990040383,45,0.2409242249747626,0.940659094226212,"{'border_count': 239, 'colsample_bylevel': np.float64(0.7975990992289792), 'depth': 10, 'grow_policy': 'Depthwise', 'iterations': 1378, 'l2_leaf_reg': np.float64(5.143687545759647), 'learning_rate': np.float64(0.05851299900403839), 'min_data_in_leaf': 45, 'random_strength': np.float64(0.24092422497476265), 'subsample': np.float64(0.9406590942262119)}",-0.2496537133090091,-0.2675721830691081,-0.2795016115018122,-0.2853411697105965,-0.2579302446257527,-0.2679997844432558,0.0131997914363036,46,1215.4231193065643,5.797320127487183
3.275412750244141,0.652171377363762,0.0112063407897949,0.0021220295559018,114,0.7046909220223582,6,SymmetricTree,1147,1.027610585618012,0.1273192142682251,17,0.81134195274865,0.9370526621593616,"{'border_count': 114, 'colsample_bylevel': np.float64(0.7046909220223582), 'depth': 6, 'grow_policy': 'SymmetricTree', 'iterations': 1147, 'l2_leaf_reg': np.float64(1.027610585618012), 'learning_rate': np.float64(0.12731921426822512), 'min_data_in_leaf': 17, 'random_strength': np.float64(0.81134195274865), 'subsample': np.float64(0.9370526621593617)}",-0.2566102560996356,-0.2634040293052485,-0.2835930053472766,-0.2877021842511806,-0.2574447037883879,-0.2697508357583459,0.0132533334797094,63,1215.4231193065643,5.797320127487183
6.252677488327026,1.4922750141752217,0.0151442527770996,0.0028399423201585,172,0.722213395520227,7,SymmetricTree,527,5.315517129377968,0.0984947190241336,34,0.1954101164904113,0.8112454756594799,"{'border_count': 172, 'colsample_bylevel': np.float64(0.722213395520227), 'depth': 7, 'grow_policy': 'SymmetricTree', 'iterations': 527, 'l2_leaf_reg': np.float64(5.315517129377968), 'learning_rate': np.float64(0.09849471902413369), 'min_data_in_leaf': 34, 'random_strength': np.float64(0.19541011649041132), 'subsample': np.float64(0.8112454756594799)}",-0.2519770064152092,-0.2635950729486772,-0.276165023976337,-0.2875319019160265,-0.2589544283035422,-0.2676446867119584,0.0126924674070066,41,1215.4231193065643,5.797320127487183
8.229903888702392,1.9634081494821376,0.014807653427124,0.001864580671773,111,0.7975549966080241,8,Depthwise,1486,3.806217129238506,0.0624390312130684,47,0.813244787222995,0.9282355145850693,"{'border_count': 111, 'colsample_bylevel': np.float64(0.7975549966080241), 'depth': 8, 'grow_policy': 'Depthwise', 'iterations': 1486, 'l2_leaf_reg': np.float64(3.806217129238506), 'learning_rate': np.float64(0.06243903121306847), 'min_data_in_leaf': 47, 'random_strength': np.float64(0.813244787222995), 'subsample': np.float64(0.9282355145850691)}",-0.2503226901784443,-0.2702137473950002,-0.2816840332797291,-0.282662875467904,-0.2557231447802792,-0.2681212982202713,0.0131930910073334,50,1215.4231193065643,5.797320127487183
6.622430562973023,1.0172012274947757,0.0134599685668945,0.0020046628697247,191,0.8481386789093172,6,Lossguide,514,1.5544541040591566,0.0709004752798655,32,0.7364104112637804,0.794306794322898,"{'border_count': 191, 'colsample_bylevel': np.float64(0.8481386789093172), 'depth': 6, 'grow_policy': 'Lossguide', 'iterations': 514, 'l2_leaf_reg': np.float64(1.5544541040591566), 'learning_rate': np.float64(0.07090047527986552), 'min_data_in_leaf': 32, 'random_strength': np.float64(0.7364104112637804), 'subsample': np.float64(0.794306794322898)}",-0.2526428797555537,-0.2639384578574045,-0.2743190598549268,-0.2843009242883424,-0.2540700873617149,-0.2658542818235885,0.0120748486576869,23,1215.4231193065643,5.797320127487183
6.985347270965576,1.2434203245621096,0.0176044464111328,0.0013104724738635,145,0.9086548259278382,10,Lossguide,730,3.0519146151781484,0.1183326707814573,36,1.0428535705579811,0.8796596399465607,"{'border_count': 145, 'colsample_bylevel': np.float64(0.9086548259278382), 'depth': 10, 'grow_policy': 'Lossguide', 'iterations': 730, 'l2_leaf_reg': np.float64(3.0519146151781484), 'learning_rate': np.float64(0.1183326707814573), 'min_data_in_leaf': 36, 'random_strength': np.float64(1.0428535705579811), 'subsample': np.float64(0.8796596399465607)}",-0.2641417737397892,-0.2720388859198353,-0.2807083290700943,-0.285283796952382,-0.2554196718461067,-0.2715184915056415,0.0108424675999209,77,1215.4231193065643,5.797320127487183
4.648984098434449,0.675513185932041,0.012311840057373,0.0020199834014335,135,0.9641403517045772,7,SymmetricTree,1073,4.167018782552118,0.1357190885281576,28,0.3184404372168335,0.8249529843611099,"{'border_count': 135, 'colsample_bylevel': np.float64(0.9641403517045772), 'depth': 7, 'grow_policy': 'SymmetricTree', 'iterations': 1073, 'l2_leaf_reg': np.float64(4.167018782552118), 'learning_rate': np.float64(0.13571908852815764), 'min_data_in_leaf': 28, 'random_strength': np.float64(0.31844043721683357), 'subsample': np.float64(0.8249529843611099)}",-0.2507412613038342,-0.2711979566731192,-0.2847192817558683,-0.2925662644791689,-0.2540926098667723,-0.2706634748157526,0.0164260264885049,70,1215.4231193065643,5.797320127487183
8.82823829650879,0.9250326365061528,0.0340777397155761,0.0251220754090695,239,0.8618026725746952,7,Lossguide,847,2.781489190384874,0.1410242662318631,1,0.3279351625419416,0.8281323365878769,"{'border_count': 239, 'colsample_bylevel': np.float64(0.8618026725746952), 'depth': 7, 'grow_policy': 'Lossguide', 'iterations': 847, 'l2_leaf_reg': np.float64(2.7814891903848746), 'learning_rate': np.float64(0.1410242662318631), 'min_data_in_leaf': 1, 'random_strength': np.float64(0.32793516254194166), 'subsample': np.float64(0.8281323365878769)}",-0.2528215419131933,-0.274296662503744,-0.278900292924514,-0.2861218037992322,-0.259339023367157,-0.2702958649015681,0.0123766493475453,66,1215.4231193065643,5.797320127487183
11.018100690841674,4.494495129090862,0.1469909191131591,0.0792698805253345,165,0.8057706569002506,8,Lossguide,1209,3.553736512887829,0.0676116504723168,37,0.7924360328902703,0.7808237001395564,"{'border_count': 165, 'colsample_bylevel': np.float64(0.8057706569002506), 'depth': 8, 'grow_policy': 'Lossguide', 'iterations': 1209, 'l2_leaf_reg': np.float64(3.553736512887829), 'learning_rate': np.float64(0.06761165047231685), 'min_data_in_leaf': 37, 'random_strength': np.float64(0.7924360328902703), 'subsample': np.float64(0.7808237001395564)}",-0.254360089875331,-0.2650974245899696,-0.2745705390303884,-0.2832586332739454,-0.2534699296856553,-0.2661513232910579,0.0115282685623423,27,1215.4231193065643,5.797320127487183
69.6600263595581,6.276642002684386,0.0212960243225097,0.0196406597962415,201,0.9828729111737556,11,SymmetricTree,1191,2.81814801189647,0.1507673124081441,12,0.3517822958253641,0.8491745517677156,"{'border_count': 201, 'colsample_bylevel': np.float64(0.9828729111737557), 'depth': 11, 'grow_policy': 'SymmetricTree', 'iterations': 1191, 'l2_leaf_reg': np.float64(2.81814801189647), 'learning_rate': np.float64(0.1507673124081441), 'min_data_in_leaf': 12, 'random_strength': np.float64(0.35178229582536413), 'subsample': np.float64(0.8491745517677156)}",-0.2580815864169866,-0.2705595791094118,-0.2829790105027855,-0.2946806723049892,-0.2592671934451466,-0.2731136083558639,0.0140475788785719,87,1215.4231193065643,5.797320127487183
10.903336811065676,3.696506357033019,0.1396215438842773,0.0504141932738846,162,0.74442607898602,6,Lossguide,612,5.883074779163264,0.0666555519977347,23,0.3786464642366114,0.972479765789996,"{'border_count': 162, 'colsample_bylevel': np.float64(0.74442607898602), 'depth': 6, 'grow_policy': 'Lossguide', 'iterations': 612, 'l2_leaf_reg': np.float64(5.883074779163264), 'learning_rate': np.float64(0.0666555519977347), 'min_data_in_leaf': 23, 'random_strength': np.float64(0.3786464642366114), 'subsample': np.float64(0.9724797657899961)}",-0.2505393407983566,-0.2632523040429448,-0.2780778981090638,-0.2813304754842585,-0.2520918437482549,-0.2650583724365757,0.0127787668834681,15,1215.4231193065643,5.797320127487183
31.24226031303406,6.939951823374797,0.0585231304168701,0.043825767248408,196,0.90421163546643,10,Depthwise,1171,3.76446544535664,0.093904508581909,11,0.4696544560614044,0.7726479814832277,"{'border_count': 196, 'colsample_bylevel': np.float64(0.90421163546643), 'depth': 10, 'grow_policy': 'Depthwise', 'iterations': 1171, 'l2_leaf_reg': np.float64(3.76446544535664), 'learning_rate': np.float64(0.09390450858190903), 'min_data_in_leaf': 11, 'random_strength': np.float64(0.46965445606140444), 'subsample': np.float64(0.7726479814832277)}",-0.2596597125497622,-0.270605936741996,-0.2910033822232282,-0.2925473774779764,-0.2589594409451196,-0.2745551699876165,0.0146626128367498,94,1215.4231193065643,5.797320127487183
12.209307098388672,1.3425355126239324,0.0169214248657226,0.0031046657132383,87,0.810334939815776,9,Depthwise,697,2.994122212222765,0.1274647809829076,16,0.935302495589238,0.7962340194915207,"{'border_count': 87, 'colsample_bylevel': np.float64(0.810334939815776), 'depth': 9, 'grow_policy': 'Depthwise', 'iterations': 697, 'l2_leaf_reg': np.float64(2.9941222122227655), 'learning_rate': np.float64(0.1274647809829076), 'min_data_in_leaf': 16, 'random_strength': np.float64(0.935302495589238), 'subsample': np.float64(0.7962340194915207)}",-0.2624811039375938,-0.271486578643738,-0.286276350582557,-0.2944724696508011,-0.2617975615648735,-0.2753028128759127,0.0130326202081874,96,1215.4231193065643,5.797320127487183
7.044660854339599,2.127865956909441,0.0250247001647949,0.0073247860344849,119,0.9087438420372644,8,Lossguide,1431,1.0829391446392806,0.0818139587448921,19,0.4486659872917293,0.7288529653274262,"{'border_count': 119, 'colsample_bylevel': np.float64(0.9087438420372645), 'depth': 8, 'grow_policy': 'Lossguide', 'iterations': 1431, 'l2_leaf_reg': np.float64(1.0829391446392806), 'learning_rate': np.float64(0.08181395874489215), 'min_data_in_leaf': 19, 'random_strength': np.float64(0.44866598729172935), 'subsample': np.float64(0.7288529653274262)}",-0.2534898873871943,-0.2723870316025167,-0.2792719971586288,-0.2850939047470175,-0.2548777023516506,-0.2690241046494016,0.012774972858439,58,1215.4231193065643,5.797320127487183
22.491519975662232,5.683221773777543,0.0228682994842529,0.0066018644132988,210,0.8192716063262566,7,SymmetricTree,1278,2.7053317552512928,0.0220210281860883,23,0.6414479738275658,0.9087353198035246,"{'border_count': 210, 'colsample_bylevel': np.float64(0.8192716063262566), 'depth': 7, 'grow_policy': 'SymmetricTree', 'iterations': 1278, 'l2_leaf_reg': np.float64(2.7053317552512928), 'learning_rate': np.float64(0.02202102818608836), 'min_data_in_leaf': 23, 'random_strength': np.float64(0.6414479738275658), 'subsample': np.float64(0.9087353198035246)}",-0.2475127553265805,-0.262398614086424,-0.2756676632942771,-0.2853806143085025,-0.2523568945006962,-0.2646633083032961,0.0141493513976066,12,1215.4231193065643,5.797320127487183
4.415442562103271,1.188432883148644,0.0156620979309082,0.0034850375481682,56,0.8979952138102536,7,SymmetricTree,1071,2.304145874152045,0.1544380549636886,12,0.6582934536070976,0.9647909029568018,"{'border_count': 56, 'colsample_bylevel': np.float64(0.8979952138102536), 'depth': 7, 'grow_policy': 'SymmetricTree', 'iterations': 1071, 'l2_leaf_reg': np.float64(2.304145874152045), 'learning_rate': np.float64(0.15443805496368865), 'min_data_in_leaf': 12, 'random_strength': np.float64(0.6582934536070976), 'subsample': np.float64(0.9647909029568018)}",-0.2580965324409207,-0.2743735153005858,-0.2796152693797178,-0.2987929129827574,-0.2620893760459623,-0.2745935212299888,0.0144179138864268,95,1215.4231193065643,5.797320127487183
4.22953052520752,0.36832302340815,0.0171088218688964,0.0035048121512234,58,0.7836614057776545,8,Lossguide,903,5.4354321213255865,0.1219813318786435,24,0.9509284487675128,0.9806904982662842,"{'border_count': 58, 'colsample_bylevel': np.float64(0.7836614057776545), 'depth': 8, 'grow_policy': 'Lossguide', 'iterations': 903, 'l2_leaf_reg': np.float64(5.4354321213255865), 'learning_rate': np.float64(0.12198133187864357), 'min_data_in_leaf': 24, 'random_strength': np.float64(0.9509284487675127), 'subsample': np.float64(0.9806904982662842)}",-0.2526877102569964,-0.2625278960935094,-0.2882932228451232,-0.2860860997909875,-0.2598951695390759,-0.2698980197051385,0.0144983303881747,64,1215.4231193065643,5.797320127487183
11.422159242630006,1.3062269447950632,0.0163163185119628,0.0090487152661895,213,0.9695662565581238,9,Depthwise,726,2.8614138328087155,0.1460200163686667,25,0.1050615838462186,0.7482424154252496,"{'border_count': 213, 'colsample_bylevel': np.float64(0.9695662565581238), 'depth': 9, 'grow_policy': 'Depthwise', 'iterations': 726, 'l2_leaf_reg': np.float64(2.8614138328087155), 'learning_rate': np.float64(0.14602001636866677), 'min_data_in_leaf': 25, 'random_strength': np.float64(0.10506158384621869), 'subsample': np.float64(0.7482424154252496)}",-0.2652514764938543,-0.2691147556704487,-0.2833912661955618,-0.2948525545916314,-0.2597072085072804,-0.2744634522917553,0.0128579713638704,93,1215.4231193065643,5.797320127487183
65.75841889381408,3.925184477077432,0.0500401496887207,0.0125330096511378,131,0.845684126075868,8,SymmetricTree,1180,1.879626263386727,0.0077113045423281,14,0.4253996981592677,0.9239474215354072,"{'border_count': 131, 'colsample_bylevel': np.float64(0.845684126075868), 'depth': 8, 'grow_policy': 'SymmetricTree', 'iterations': 1180, 'l2_leaf_reg': np.float64(1.879626263386727), 'learning_rate': np.float64(0.007711304542328131), 'min_data_in_leaf': 14, 'random_strength': np.float64(0.4253996981592677), 'subsample': np.float64(0.9239474215354072)}",-0.2483211005445008,-0.2630401144601656,-0.2774039297526481,-0.2849974850383917,-0.2508940684690914,-0.2649313396529595,0.0143856696242033,13,1215.4231193065643,5.797320127487183
40.37944583892822,6.537807088474335,0.0375882148742675,0.0203481163418378,177,0.9232511569169686,8,SymmetricTree,1139,3.841543016677358,0.0190512151742138,22,0.3652023676817254,0.7731968930137251,"{'border_count': 177, 'colsample_bylevel': np.float64(0.9232511569169686), 'depth': 8, 'grow_policy': 'SymmetricTree', 'iterations': 1139, 'l2_leaf_reg': np.float64(3.841543016677358), 'learning_rate': np.float64(0.019051215174213872), 'min_data_in_leaf': 22, 'random_strength': np.float64(0.3652023676817254), 'subsample': np.float64(0.7731968930137251)}",-0.2468217268182208,-0.2624417750817835,-0.279704919380129,-0.2860632152745016,-0.2525564440140198,-0.265517616113731,0.0151683240712342,20,1215.4231193065643,5.797320127487183
9.942532587051392,1.187917180758916,0.0146877288818359,0.0036473360802139,87,0.9936678574825026,8,Depthwise,1275,4.1556931299863145,0.1242216955312472,30,0.7451033620305648,0.9006772178989298,"{'border_count': 87, 'colsample_bylevel': np.float64(0.9936678574825026), 'depth': 8, 'grow_policy': 'Depthwise', 'iterations': 1275, 'l2_leaf_reg': np.float64(4.1556931299863145), 'learning_rate': np.float64(0.12422169553124726), 'min_data_in_leaf': 30, 'random_strength': np.float64(0.7451033620305648), 'subsample': np.float64(0.9006772178989298)}",-0.2599818749456588,-0.2711840256585008,-0.284094429908743,-0.290892512443979,-0.2589226353053864,-0.2730150956524536,0.0127606330301356,86,1215.4231193065643,5.797320127487183
24.162653112411498,4.410913709888941,0.0198996067047119,0.004264513643236,246,0.7690555804724666,8,Lossguide,691,4.227361479535839,0.0315666019110573,28,0.5699445139909429,0.7838681025390275,"{'border_count': 246, 'colsample_bylevel': np.float64(0.7690555804724666), 'depth': 8, 'grow_policy': 'Lossguide', 'iterations': 691, 'l2_leaf_reg': np.float64(4.227361479535839), 'learning_rate': np.float64(0.03156660191105734), 'min_data_in_leaf': 28, 'random_strength': np.float64(0.5699445139909429), 'subsample': np.float64(0.7838681025390275)}",-0.2497607960634287,-0.2652304138930299,-0.2776174891525859,-0.2826967196512796,-0.2542179891172521,-0.2659046815755152,0.0127813994619089,25,1215.4231193065643,5.797320127487183
5.697455406188965,2.3459943700195707,0.0122991561889648,0.0021048240409654,55,0.8110476100766333,6,SymmetricTree,779,2.6537515233525686,0.0879147450253235,31,1.063619977089253,0.955902836640208,"{'border_count': 55, 'colsample_bylevel': np.float64(0.8110476100766333), 'depth': 6, 'grow_policy': 'SymmetricTree', 'iterations': 779, 'l2_leaf_reg': np.float64(2.6537515233525686), 'learning_rate': np.float64(0.0879147450253235), 'min_data_in_leaf': 31, 'random_strength': np.float64(1.063619977089253), 'subsample': np.float64(0.955902836640208)}",-0.2490556154825577,-0.2687676938458856,-0.2788683053764344,-0.2900614114031522,-0.2563197724502117,-0.2686145597116484,0.0148246031370773,53,1215.4231193065643,5.797320127487183
15.232828903198245,2.6541134221279523,0.017905569076538,0.0026001824541924,240,0.7917091057861545,6,Lossguide,627,2.8634343354702465,0.0642037200214208,3,0.6700611700893649,0.7291529481312305,"{'border_count': 240, 'colsample_bylevel': np.float64(0.7917091057861545), 'depth': 6, 'grow_policy': 'Lossguide', 'iterations': 627, 'l2_leaf_reg': np.float64(2.8634343354702465), 'learning_rate': np.float64(0.06420372002142083), 'min_data_in_leaf': 3, 'random_strength': np.float64(0.6700611700893649), 'subsample': np.float64(0.7291529481312305)}",-0.2517101310832742,-0.267547417655294,-0.2784762076567162,-0.2844284869848662,-0.2528866794245056,-0.2670097845609313,0.0131812032631335,34,1215.4231193065643,5.797320127487183
6.441752433776856,1.2420485091868911,0.0166127681732177,0.0028591379353412,81,0.9013430550472152,7,Lossguide,654,2.476452942094694,0.05338261463579,40,0.797015740995268,0.9107452251961328,"{'border_count': 81, 'colsample_bylevel': np.float64(0.9013430550472151), 'depth': 7, 'grow_policy': 'Lossguide', 'iterations': 654, 'l2_leaf_reg': np.float64(2.476452942094694), 'learning_rate': np.float64(0.053382614635790075), 'min_data_in_leaf': 40, 'random_strength': np.float64(0.797015740995268), 'subsample': np.float64(0.9107452251961328)}",-0.2509507313745991,-0.2616031119136471,-0.2813547979192891,-0.2810942646512372,-0.2523103602321883,-0.2654626532181922,0.0133819451849126,19,1215.4231193065643,5.797320127487183
6.231326532363892,1.26041952460661,0.0128682136535644,0.0045518800978976,225,0.8658459930723723,7,Lossguide,1037,5.050566973395904,0.1350608477870155,13,0.1815941804002403,0.7015554588321959,"{'border_count': 225, 'colsample_bylevel': np.float64(0.8658459930723723), 'depth': 7, 'grow_policy': 'Lossguide', 'iterations': 1037, 'l2_leaf_reg': np.float64(5.050566973395904), 'learning_rate': np.float64(0.13506084778701555), 'min_data_in_leaf': 13, 'random_strength': np.float64(0.18159418040024036), 'subsample': np.float64(0.7015554588321959)}",-0.2511422965061327,-0.2686754789267766,-0.2793389656004501,-0.2922801180284899,-0.2561869644903751,-0.2695247647104449,0.0150376725730668,61,1215.4231193065643,5.797320127487183
3.2922408103942877,0.748259101104576,0.0109082221984863,0.0045910319613271,85,0.9394885536900324,6,Depthwise,899,1.2538426551969848,0.1379925723425989,15,0.475582952639944,0.7281945819522606,"{'border_count': 85, 'colsample_bylevel': np.float64(0.9394885536900325), 'depth': 6, 'grow_policy': 'Depthwise', 'iterations': 899, 'l2_leaf_reg': np.float64(1.2538426551969848), 'learning_rate': np.float64(0.13799257234259898), 'min_data_in_leaf': 15, 'random_strength': np.float64(0.475582952639944), 'subsample': np.float64(0.7281945819522606)}",-0.2566890539143317,-0.2669806062693666,-0.2820843987444829,-0.2966284774767896,-0.2575422455965597,-0.2719849564003061,0.0153421114268184,81,1215.4231193065643,5.797320127487183
5.282674884796142,0.8353036293213079,0.0236435413360595,0.0113073652908605,240,0.7107826821390226,6,Depthwise,1074,5.909204441552656,0.1308400253104045,22,0.350251360515864,0.711650420328827,"{'border_count': 240, 'colsample_bylevel': np.float64(0.7107826821390226), 'depth': 6, 'grow_policy': 'Depthwise', 'iterations': 1074, 'l2_leaf_reg': np.float64(5.909204441552656), 'learning_rate': np.float64(0.1308400253104045), 'min_data_in_leaf': 22, 'random_strength': np.float64(0.35025136051586403), 'subsample': np.float64(0.711650420328827)}",-0.2536163715725358,-0.2691917654488634,-0.2835096013748937,-0.2832809133162188,-0.2614162222782091,-0.2702029747981441,0.0118443552588903,65,1215.4231193065643,5.797320127487183
17.326966094970704,5.050944739718053,0.0206297874450683,0.0054204294031622,64,0.8080571924233788,9,SymmetricTree,1492,5.139345018937943,0.0457314373729612,44,0.7228904758190002,0.7256042394981304,"{'border_count': 64, 'colsample_bylevel': np.float64(0.8080571924233788), 'depth': 9, 'grow_policy': 'SymmetricTree', 'iterations': 1492, 'l2_leaf_reg': np.float64(5.139345018937943), 'learning_rate': np.float64(0.04573143737296128), 'min_data_in_leaf': 44, 'random_strength': np.float64(0.7228904758190002), 'subsample': np.float64(0.7256042394981304)}",-0.2520004617285221,-0.2675770968540196,-0.2775959788766422,-0.2834283845955463,-0.2543736581083705,-0.2669951160326201,0.0123847500435698,33,1215.4231193065643,5.797320127487183
9.48527364730835,0.7894538097864947,0.0161114692687988,0.0016625991265081,158,0.7583140101984619,11,Lossguide,1366,4.187149507491033,0.1139137000583992,13,1.069536867114159,0.9143785312539856,"{'border_count': 158, 'colsample_bylevel': np.float64(0.7583140101984619), 'depth': 11, 'grow_policy': 'Lossguide', 'iterations': 1366, 'l2_leaf_reg': np.float64(4.187149507491033), 'learning_rate': np.float64(0.11391370005839924), 'min_data_in_leaf': 13, 'random_strength': np.float64(1.069536867114159), 'subsample': np.float64(0.9143785312539856)}",-0.2599620200164841,-0.26528739419016,-0.2810604072607351,-0.2847111693207076,-0.2526284792017308,-0.2687298939979635,0.0122916613668528,56,1215.4231193065643,5.797320127487183
21.19222431182861,3.997879563008236,0.0165607452392578,0.0033781719991348,196,0.9385558584306112,8,Depthwise,1450,2.254302636733306,0.0326500511497055,23,0.5283144749401077,0.9065499702296098,"{'border_count': 196, 'colsample_bylevel': np.float64(0.9385558584306111), 'depth': 8, 'grow_policy': 'Depthwise', 'iterations': 1450, 'l2_leaf_reg': np.float64(2.254302636733306), 'learning_rate': np.float64(0.032650051149705504), 'min_data_in_leaf': 23, 'random_strength': np.float64(0.5283144749401077), 'subsample': np.float64(0.9065499702296098)}",-0.2514798840753759,-0.2608248840790018,-0.2799248799026548,-0.2838173392969632,-0.2533716217054218,-0.2658837218118835,0.0134787520672544,24,1215.4231193065643,5.797320127487183
20.677396154403688,3.549311244095325,0.0264083385467529,0.0061171771645337,178,0.7519882960212537,6,Lossguide,1301,2.198936795787016,0.0190809935121937,25,0.7601973767177312,0.7839801690837828,"{'border_count': 178, 'colsample_bylevel': np.float64(0.7519882960212537), 'depth': 6, 'grow_policy': 'Lossguide', 'iterations': 1301, 'l2_leaf_reg': np.float64(2.198936795787016), 'learning_rate': np.float64(0.01908099351219376), 'min_data_in_leaf': 25, 'random_strength': np.float64(0.7601973767177312), 'subsample': np.float64(0.7839801690837828)}",-0.2466684564366737,-0.2592929962537145,-0.2759303892178135,-0.2796772488996724,-0.2497990219483289,-0.2622736225512406,0.0133971227407375,1,1215.4231193065643,5.797320127487183
14.689364624023437,0.8811249828250137,0.0160807132720947,0.0021123805627174,65,0.8550088772279699,10,Depthwise,1360,3.0980003121389497,0.0421596484251736,16,0.258646447642491,0.7360493943416926,"{'border_count': 65, 'colsample_bylevel': np.float64(0.8550088772279699), 'depth': 10, 'grow_policy': 'Depthwise', 'iterations': 1360, 'l2_leaf_reg': np.float64(3.0980003121389497), 'learning_rate': np.float64(0.04215964842517361), 'min_data_in_leaf': 16, 'random_strength': np.float64(0.258646447642491), 'subsample': np.float64(0.7360493943416926)}",-0.2530598157410436,-0.2694518683396867,-0.2825802379087807,-0.2932223480794398,-0.2605287764645887,-0.2717686093067079,0.0145524864409315,80,1215.4231193065643,5.797320127487183
5.166737508773804,0.9513723417013602,0.0143140792846679,0.0023641251303517,78,0.7348217921520748,10,Lossguide,593,5.277302920055036,0.1105486789070035,12,0.1171611018317502,0.9290093269011732,"{'border_count': 78, 'colsample_bylevel': np.float64(0.7348217921520748), 'depth': 10, 'grow_policy': 'Lossguide', 'iterations': 593, 'l2_leaf_reg': np.float64(5.277302920055036), 'learning_rate': np.float64(0.11054867890700355), 'min_data_in_leaf': 12, 'random_strength': np.float64(0.11716110183175024), 'subsample': np.float64(0.9290093269011732)}",-0.2592164748462774,-0.2704579952088157,-0.2771650023004418,-0.2872050938323994,-0.2602430628424222,-0.2708575258060712,0.0105391437627143,71,1215.4231193065643,5.797320127487183
34.99257283210754,8.128641494209772,0.0527900695800781,0.0180017558389121,134,0.8420415312341697,6,Depthwise,1233,4.248868413213817,0.012208838629555,5,0.9866803872980476,0.7782680870025142,"{'border_count': 134, 'colsample_bylevel': np.float64(0.8420415312341697), 'depth': 6, 'grow_policy': 'Depthwise', 'iterations': 1233, 'l2_leaf_reg': np.float64(4.248868413213817), 'learning_rate': np.float64(0.012208838629555059), 'min_data_in_leaf': 5, 'random_strength': np.float64(0.9866803872980475), 'subsample': np.float64(0.7782680870025142)}",-0.2473867117207923,-0.2608474762218397,-0.2758035400894702,-0.2793158971589972,-0.249641840332561,-0.2625990931047321,0.0130857484802227,2,1215.4231193065643,5.797320127487183
6.411535978317261,0.5163455987532586,0.01206955909729,0.0042019198835793,187,0.8877579747142709,7,SymmetricTree,824,4.419818846990705,0.097377674658487,16,0.7424192782063156,0.7079533931624865,"{'border_count': 187, 'colsample_bylevel': np.float64(0.8877579747142709), 'depth': 7, 'grow_policy': 'SymmetricTree', 'iterations': 824, 'l2_leaf_reg': np.float64(4.419818846990705), 'learning_rate': np.float64(0.09737767465848708), 'min_data_in_leaf': 16, 'random_strength': np.float64(0.7424192782063156), 'subsample': np.float64(0.7079533931624865)}",-0.2546996919545602,-0.2636615758660914,-0.2800274812156467,-0.2861696968276718,-0.2560343684828411,-0.2681185628693622,0.0127563659175015,49,1215.4231193065643,5.797320127487183
13.092514419555664,2.5480956282518554,0.0304512977600097,0.0194499598958779,177,0.8909210792338034,9,Depthwise,1174,4.216441092211766,0.0737379335737275,43,1.0414648087765253,0.8158307913402323,"{'border_count': 177, 'colsample_bylevel': np.float64(0.8909210792338034), 'depth': 9, 'grow_policy': 'Depthwise', 'iterations': 1174, 'l2_leaf_reg': np.float64(4.216441092211766), 'learning_rate': np.float64(0.0737379335737275), 'min_data_in_leaf': 43, 'random_strength': np.float64(1.0414648087765253), 'subsample': np.float64(0.8158307913402323)}",-0.2571146395365099,-0.2630607757539372,-0.2764922820965426,-0.2798382061281142,-0.2496350539570236,-0.2652281914944255,0.0114368318979999,16,1215.4231193065643,5.797320127487183
16.066522645950318,3.0339466697258453,0.0187640190124511,0.0065499806655262,210,0.8954454315573364,8,SymmetricTree,896,2.0729455985418705,0.0615888624841963,35,0.4365542148887265,0.8967167906142226,"{'border_count': 210, 'colsample_bylevel': np.float64(0.8954454315573364), 'depth': 8, 'grow_policy': 'SymmetricTree', 'iterations': 896, 'l2_leaf_reg': np.float64(2.0729455985418705), 'learning_rate': np.float64(0.06158886248419637), 'min_data_in_leaf': 35, 'random_strength': np.float64(0.4365542148887265), 'subsample': np.float64(0.8967167906142226)}",-0.249615829017287,-0.2659514046830677,-0.2787090728687473,-0.2902918137987542,-0.254175314564628,-0.2677486869864968,0.0151300352007115,43,1215.4231193065643,5.797320127487183
9.027228260040284,2.810752523086473,0.060896348953247,0.0803345335520433,142,0.9534625932908364,7,Depthwise,917,2.3034726411795154,0.0794056181440109,45,1.0366481518557074,0.7117558980026938,"{'border_count': 142, 'colsample_bylevel': np.float64(0.9534625932908363), 'depth': 7, 'grow_policy': 'Depthwise', 'iterations': 917, 'l2_leaf_reg': np.float64(2.3034726411795154), 'learning_rate': np.float64(0.07940561814401093), 'min_data_in_leaf': 45, 'random_strength': np.float64(1.0366481518557074), 'subsample': np.float64(0.7117558980026938)}",-0.2513297504372347,-0.2652806633748449,-0.2776218544202889,-0.2825953164073506,-0.255002009189658,-0.2663659187658754,0.0122187725520106,28,1215.4231193065643,5.797320127487183
8.402917957305908,2.3919135390928066,0.1037854671478271,0.0306009293156095,70,0.9902741654560742,9,Depthwise,1368,4.753073758204292,0.1260252108900895,49,0.8316477552996402,0.7383069188267396,"{'border_count': 70, 'colsample_bylevel': np.float64(0.9902741654560742), 'depth': 9, 'grow_policy': 'Depthwise', 'iterations': 1368, 'l2_leaf_reg': np.float64(4.753073758204292), 'learning_rate': np.float64(0.12602521089008958), 'min_data_in_leaf': 49, 'random_strength': np.float64(0.8316477552996402), 'subsample': np.float64(0.7383069188267396)}",-0.2524374671947418,-0.2706872572384916,-0.2770029551328766,-0.2953512429532037,-0.2598033126734734,-0.2710564470385574,0.0148258815024377,73,1215.4231193065643,5.797320127487183
57.54102149009704,4.181859361804717,0.0655663013458252,0.0217392480425283,145,0.8022410620759053,11,SymmetricTree,1279,3.1449701368750915,0.1176306601687246,25,0.3382361524039794,0.8133186658528884,"{'border_count': 145, 'colsample_bylevel': np.float64(0.8022410620759053), 'depth': 11, 'grow_policy': 'SymmetricTree', 'iterations': 1279, 'l2_leaf_reg': np.float64(3.1449701368750915), 'learning_rate': np.float64(0.1176306601687246), 'min_data_in_leaf': 25, 'random_strength': np.float64(0.3382361524039794), 'subsample': np.float64(0.8133186658528884)}",-0.2499928210668652,-0.2688010328076776,-0.2807384613793489,-0.2947257595362533,-0.2639922098240459,-0.2716500569228382,0.0151715692806405,79,1215.4231193065643,5.797320127487183
22.5334801197052,3.850562517504332,0.1422600269317627,0.0476876385494797,162,0.8515757117343571,6,Depthwise,896,5.477616142481002,0.0633802518101244,12,1.0585414968831983,0.9541429432286768,"{'border_count': 162, 'colsample_bylevel': np.float64(0.8515757117343571), 'depth': 6, 'grow_policy': 'Depthwise', 'iterations': 896, 'l2_leaf_reg': np.float64(5.477616142481002), 'learning_rate': np.float64(0.06338025181012447), 'min_data_in_leaf': 12, 'random_strength': np.float64(1.0585414968831983), 'subsample': np.float64(0.9541429432286769)}",-0.2512942713511483,-0.261922810889435,-0.2756874093954933,-0.2804033677108404,-0.2512186364415033,-0.264105299157684,0.0121220796943893,8,1215.4231193065643,5.797320127487183
11.5862154006958,0.3657051662043718,0.1016845226287841,0.0465696600897379,58,0.7957940912771244,11,Lossguide,883,3.412604748213212,0.0789538486657707,16,0.5484455219783197,0.7879632315094193,"{'border_count': 58, 'colsample_bylevel': np.float64(0.7957940912771244), 'depth': 11, 'grow_policy': 'Lossguide', 'iterations': 883, 'l2_leaf_reg': np.float64(3.4126047482132122), 'learning_rate': np.float64(0.07895384866577075), 'min_data_in_leaf': 16, 'random_strength': np.float64(0.5484455219783197), 'subsample': np.float64(0.7879632315094193)}",-0.2516668372964387,-0.2684821570682874,-0.2809323653506883,-0.2855610369206365,-0.2537880535545895,-0.2680860900381281,0.0137446945031531,47,1215.4231193065643,5.797320127487183
54.86556372642517,3.7157549267912895,0.0367250442504882,0.0127364518242009,74,0.8661109157037402,10,SymmetricTree,650,4.906480252356013,0.0220196903026172,42,1.0742482085344105,0.9987793726090988,"{'border_count': 74, 'colsample_bylevel': np.float64(0.8661109157037402), 'depth': 10, 'grow_policy': 'SymmetricTree', 'iterations': 650, 'l2_leaf_reg': np.float64(4.906480252356013), 'learning_rate': np.float64(0.022019690302617204), 'min_data_in_leaf': 42, 'random_strength': np.float64(1.0742482085344103), 'subsample': np.float64(0.9987793726090987)}",-0.2499658161716258,-0.2644242836358065,-0.2751476617866461,-0.28649082301757,-0.25422245046245,-0.2660502070148197,0.0134300375769428,26,1215.4231193065643,5.797320127487183
31.457078599929808,6.293364004739206,0.0399714946746826,0.0119779606420074,171,0.832459150412013,10,Lossguide,1342,1.5853350821380294,0.0264487523079253,10,0.9369638742373738,0.9600606115932524,"{'border_count': 171, 'colsample_bylevel': np.float64(0.832459150412013), 'depth': 10, 'grow_policy': 'Lossguide', 'iterations': 1342, 'l2_leaf_reg': np.float64(1.5853350821380294), 'learning_rate': np.float64(0.02644875230792538), 'min_data_in_leaf': 10, 'random_strength': np.float64(0.9369638742373738), 'subsample': np.float64(0.9600606115932524)}",-0.2508192548798492,-0.2626775419921502,-0.2751559457738909,-0.2811091505569016,-0.2505779274918929,-0.2640679641389369,0.012432119938173,7,1215.4231193065643,5.797320127487183
15.535747575759888,3.734502347950869,0.0284593105316162,0.0122968508840223,56,0.8278274425140822,7,SymmetricTree,1445,5.459484543883884,0.0269907232538038,29,0.1848377140851919,0.9959918735503526,"{'border_count': 56, 'colsample_bylevel': np.float64(0.8278274425140822), 'depth': 7, 'grow_policy': 'SymmetricTree', 'iterations': 1445, 'l2_leaf_reg': np.float64(5.4594845438838835), 'learning_rate': np.float64(0.026990723253803823), 'min_data_in_leaf': 29, 'random_strength': np.float64(0.18483771408519192), 'subsample': np.float64(0.9959918735503526)}",-0.2507872945279764,-0.2652388879023109,-0.2781688447508147,-0.2873865119895303,-0.252438692436247,-0.2668040463213758,0.0142698702688963,30,1215.4231193065643,5.797320127487183
14.18778486251831,2.6084516946083696,0.0210107803344726,0.0108454379507186,158,0.8111926441200672,9,SymmetricTree,1010,5.538468531742732,0.0937833108231926,36,0.4762595855309157,0.7250502150096005,"{'border_count': 158, 'colsample_bylevel': np.float64(0.8111926441200672), 'depth': 9, 'grow_policy': 'SymmetricTree', 'iterations': 1010, 'l2_leaf_reg': np.float64(5.538468531742732), 'learning_rate': np.float64(0.09378331082319265), 'min_data_in_leaf': 36, 'random_strength': np.float64(0.47625958553091574), 'subsample': np.float64(0.7250502150096005)}",-0.2546036505159341,-0.2670824817804254,-0.2844263165658453,-0.2884459079441347,-0.2573758335180878,-0.2703868380648855,0.0138025431023368,68,1215.4231193065643,5.797320127487183
11.741467571258545,3.129291671237055,0.015111494064331,0.0046307479470739,238,0.8133962770366763,8,Depthwise,1357,2.6512626450954926,0.0701677766732407,45,0.111353644767419,0.8405981925982379,"{'border_count': 238, 'colsample_bylevel': np.float64(0.8133962770366763), 'depth': 8, 'grow_policy': 'Depthwise', 'iterations': 1357, 'l2_leaf_reg': np.float64(2.6512626450954926), 'learning_rate': np.float64(0.0701677766732407), 'min_data_in_leaf': 45, 'random_strength': np.float64(0.11135364476741907), 'subsample': np.float64(0.8405981925982379)}",-0.2526019422364444,-0.268966900245182,-0.2775445640109422,-0.2821495617077202,-0.2569803087746032,-0.2676486553949784,0.0114031597129846,42,1215.4231193065643,5.797320127487183
5.108626461029052,1.1300777098316497,0.0142784118652343,0.0028270459024297,107,0.9222921582732004,10,Lossguide,860,4.72105828471649,0.1071559140645363,28,1.062172548474542,0.8124611738571111,"{'border_count': 107, 'colsample_bylevel': np.float64(0.9222921582732004), 'depth': 10, 'grow_policy': 'Lossguide', 'iterations': 860, 'l2_leaf_reg': np.float64(4.72105828471649), 'learning_rate': np.float64(0.10715591406453635), 'min_data_in_leaf': 28, 'random_strength': np.float64(1.062172548474542), 'subsample': np.float64(0.8124611738571111)}",-0.254806663730138,-0.2648999580751215,-0.2812198368869299,-0.2808599156139422,-0.2560276363137891,-0.2675628021239841,0.011542943135105,39,1215.4231193065643,5.797320127487183
20.450288486480712,0.8789237672920409,0.0252482414245605,0.0097366744335972,162,0.7248673965080062,6,Depthwise,616,5.816112697203057,0.0068231712034724,32,0.6560050386425845,0.796805916483275,"{'border_count': 162, 'colsample_bylevel': np.float64(0.7248673965080062), 'depth': 6, 'grow_policy': 'Depthwise', 'iterations': 616, 'l2_leaf_reg': np.float64(5.816112697203057), 'learning_rate': np.float64(0.006823171203472451), 'min_data_in_leaf': 32, 'random_strength': np.float64(0.6560050386425845), 'subsample': np.float64(0.796805916483275)}",-0.252421296206992,-0.2639425076020644,-0.2817471873908187,-0.2848194643303849,-0.2530623602950416,-0.2671985631650603,0.013791014269459,35,1215.4231193065643,5.797320127487183
4.808719825744629,0.5163439026703741,0.0117751598358154,0.0060089989877214,129,0.8583103327258899,8,SymmetricTree,1175,3.769271422006604,0.1503953803428648,18,0.2662154319092529,0.7650427319759473,"{'border_count': 129, 'colsample_bylevel': np.float64(0.8583103327258899), 'depth': 8, 'grow_policy': 'SymmetricTree', 'iterations': 1175, 'l2_leaf_reg': np.float64(3.7692714220066037), 'learning_rate': np.float64(0.15039538034286484), 'min_data_in_leaf': 18, 'random_strength': np.float64(0.2662154319092529), 'subsample': np.float64(0.7650427319759473)}",-0.2533659355057158,-0.2712992347269464,-0.2811885156757493,-0.291638457394339,-0.2588511076171303,-0.2712686501839762,0.0140572847223574,75,1215.4231193065643,5.797320127487183
22.869225454330444,3.1744675552082398,0.0205789566040039,0.0122319354071895,192,0.8363623194303319,10,Depthwise,1385,2.9210091568960994,0.1155651058764528,11,0.3809631895922303,0.9851234452229676,"{'border_count': 192, 'colsample_bylevel': np.float64(0.8363623194303319), 'depth': 10, 'grow_policy': 'Depthwise', 'iterations': 1385, 'l2_leaf_reg': np.float64(2.9210091568960994), 'learning_rate': np.float64(0.11556510587645288), 'min_data_in_leaf': 11, 'random_strength': np.float64(0.3809631895922303), 'subsample': np.float64(0.9851234452229676)}",-0.2687589484990961,-0.273643483222493,-0.2847762919032626,-0.3000960851784832,-0.2594009701836013,-0.2773351557973872,0.0140160280000477,100,1215.4231193065643,5.797320127487183
18.543036937713623,2.6308421484529365,0.0198939800262451,0.0067205264085334,249,0.8183565395824389,9,SymmetricTree,507,1.8483995194778275,0.1020272542503085,8,0.4533522280260528,0.8750968335552616,"{'border_count': 249, 'colsample_bylevel': np.float64(0.8183565395824389), 'depth': 9, 'grow_policy': 'SymmetricTree', 'iterations': 507, 'l2_leaf_reg': np.float64(1.8483995194778275), 'learning_rate': np.float64(0.10202725425030858), 'min_data_in_leaf': 8, 'random_strength': np.float64(0.4533522280260528), 'subsample': np.float64(0.8750968335552616)}",-0.2521358363201144,-0.2721697628467474,-0.2802135112248662,-0.2950243598270496,-0.2581692744964363,-0.2715425489430428,0.0153781623792912,78,1215.4231193065643,5.797320127487183
16.508152294158936,4.732205213234992,0.0162105083465576,0.0018291161962628,150,0.99231844229985,8,Depthwise,1458,3.680481831720602,0.0514291424429491,20,0.7027818820232985,0.7812872927545389,"{'border_count': 150, 'colsample_bylevel': np.float64(0.9923184422998499), 'depth': 8, 'grow_policy': 'Depthwise', 'iterations': 1458, 'l2_leaf_reg': np.float64(3.680481831720602), 'learning_rate': np.float64(0.05142914244294916), 'min_data_in_leaf': 20, 'random_strength': np.float64(0.7027818820232985), 'subsample': np.float64(0.7812872927545389)}",-0.2523052843433503,-0.2615394924777653,-0.2768443731494235,-0.2872768304230746,-0.2487875046607083,-0.2653506970108644,0.0146417712731434,17,1215.4231193065643,5.797320127487183
16.166985511779785,4.675805015544041,0.013543701171875,0.0020580384640488,190,0.9732781553481528,10,Depthwise,1093,3.083195288692396,0.0921743931771239,25,0.5182430362906189,0.979818545006204,"{'border_count': 190, 'colsample_bylevel': np.float64(0.9732781553481527), 'depth': 10, 'grow_policy': 'Depthwise', 'iterations': 1093, 'l2_leaf_reg': np.float64(3.083195288692396), 'learning_rate': np.float64(0.09217439317712395), 'min_data_in_leaf': 25, 'random_strength': np.float64(0.5182430362906189), 'subsample': np.float64(0.9798185450062039)}",-0.2539552310375966,-0.2678262940558489,-0.2848303834651694,-0.3006141758690481,-0.2555380058725854,-0.2725528180600496,0.0178655675552517,85,1215.4231193065643,5.797320127487183
6.535009765625,1.0349151979623368,0.0136516571044921,0.002610764268817,158,0.7494502783411002,6,Depthwise,564,3.4018504093317734,0.1527929075998256,11,0.6941307153521351,0.8142672569893064,"{'border_count': 158, 'colsample_bylevel': np.float64(0.7494502783411002), 'depth': 6, 'grow_policy': 'Depthwise', 'iterations': 564, 'l2_leaf_reg': np.float64(3.4018504093317734), 'learning_rate': np.float64(0.15279290759982564), 'min_data_in_leaf': 11, 'random_strength': np.float64(0.6941307153521351), 'subsample': np.float64(0.8142672569893064)}",-0.2550565135438928,-0.2633945632953761,-0.2744882509169475,-0.293313505520598,-0.2550708460903882,-0.2682647358734405,0.0144112972767016,52,1215.4231193065643,5.797320127487183
4.5997154235839846,1.3646825729822751,0.0135408878326416,0.0047763758560225,135,0.9487492662119544,6,SymmetricTree,1428,3.3434657989748517,0.0672229253506497,1,0.1136719648269972,0.7226077181057387,"{'border_count': 135, 'colsample_bylevel': np.float64(0.9487492662119543), 'depth': 6, 'grow_policy': 'SymmetricTree', 'iterations': 1428, 'l2_leaf_reg': np.float64(3.3434657989748513), 'learning_rate': np.float64(0.06722292535064978), 'min_data_in_leaf': 1, 'random_strength': np.float64(0.11367196482699729), 'subsample': np.float64(0.7226077181057387)}",-0.2500498292873863,-0.2621535240783029,-0.2833337497011552,-0.2878375845813762,-0.2531222856513221,-0.2672993946599085,0.0155173173987253,36,1215.4231193065643,5.797320127487183
11.03621573448181,2.5498842434025715,0.0135928153991699,0.0019103085534656,246,0.9999153019858392,11,Lossguide,936,3.92574766162736,0.1139181266107772,10,0.9496473906774114,0.7742044305229593,"{'border_count': 246, 'colsample_bylevel': np.float64(0.9999153019858391), 'depth': 11, 'grow_policy': 'Lossguide', 'iterations': 936, 'l2_leaf_reg': np.float64(3.92574766162736), 'learning_rate': np.float64(0.11391812661077722), 'min_data_in_leaf': 10, 'random_strength': np.float64(0.9496473906774114), 'subsample': np.float64(0.7742044305229593)}",-0.2548286790424251,-0.2703815927882212,-0.285826681955014,-0.2941615141109887,-0.2521161700098826,-0.2714629275813063,0.0165753299096526,76,1215.4231193065643,5.797320127487183
8.024049997329712,1.1336813423895724,0.0278153896331787,0.0189914212316504,127,0.7615135985519574,6,Lossguide,1184,4.030873172254401,0.0392964208255194,49,0.8569991321722287,0.7140689403373659,"{'border_count': 127, 'colsample_bylevel': np.float64(0.7615135985519574), 'depth': 6, 'grow_policy': 'Lossguide', 'iterations': 1184, 'l2_leaf_reg': np.float64(4.030873172254401), 'learning_rate': np.float64(0.0392964208255194), 'min_data_in_leaf': 49, 'random_strength': np.float64(0.8569991321722287), 'subsample': np.float64(0.7140689403373659)}",-0.2493139852006609,-0.2653450968007169,-0.2765770006321248,-0.2831026341005453,-0.2527225000463878,-0.2654122433560871,0.0130980131263421,18,1215.4231193065643,5.797320127487183
8.158125352859496,1.1946803807226716,0.0485917091369628,0.0125342401933317,144,0.7340672776598887,7,Depthwise,1173,3.3810534839450708,0.1297057235093751,12,0.9163857352130624,0.9903921296319468,"{'border_count': 144, 'colsample_bylevel': np.float64(0.7340672776598887), 'depth': 7, 'grow_policy': 'Depthwise', 'iterations': 1173, 'l2_leaf_reg': np.float64(3.3810534839450708), 'learning_rate': np.float64(0.12970572350937518), 'min_data_in_leaf': 12, 'random_strength': np.float64(0.9163857352130623), 'subsample': np.float64(0.9903921296319469)}",-0.2557041199841998,-0.2651569652309539,-0.2789630416816517,-0.2923883935494599,-0.2608030308370743,-0.2706031102566679,0.0133579114010251,69,1215.4231193065643,5.797320127487183
55.6449098110199,4.60583827738335,0.0490874290466308,0.0334008075287212,106,0.8769867691412908,10,SymmetricTree,1409,4.520398840496117,0.0369446242263366,38,0.717263712097292,0.9941388175277132,"{'border_count': 106, 'colsample_bylevel': np.float64(0.8769867691412908), 'depth': 10, 'grow_policy': 'SymmetricTree', 'iterations': 1409, 'l2_leaf_reg': np.float64(4.520398840496117), 'learning_rate': np.float64(0.036944624226336605), 'min_data_in_leaf': 38, 'random_strength': np.float64(0.717263712097292), 'subsample': np.float64(0.9941388175277133)}",-0.2484435487062781,-0.2643150759499606,-0.2769757591842792,-0.2867129284546024,-0.2513847752439997,-0.265566417507824,0.014650771117595,21,1215.4231193065643,5.797320127487183
8.63657088279724,2.3323366372699392,0.078089427947998,0.0275047756690834,99,0.8769753060563898,11,Lossguide,1358,1.4550104552566514,0.1139595548975342,38,0.5509104474161044,0.973141383520982,"{'border_count': 99, 'colsample_bylevel': np.float64(0.8769753060563898), 'depth': 11, 'grow_policy': 'Lossguide', 'iterations': 1358, 'l2_leaf_reg': np.float64(1.4550104552566514), 'learning_rate': np.float64(0.11395955489753425), 'min_data_in_leaf': 38, 'random_strength': np.float64(0.5509104474161044), 'subsample': np.float64(0.9731413835209819)}",-0.2561863471447991,-0.2673321750547908,-0.2816532094208081,-0.2918029846795624,-0.2636367366305379,-0.2721222905860997,0.0128613549825407,83,1215.4231193065643,5.797320127487183
18.87221841812134,4.443949760332349,0.1862084865570068,0.1579170010019422,79,0.8866260100683621,8,SymmetricTree,632,4.982358878369387,0.0739020211919258,17,0.5921162930795382,0.7774733164896874,"{'border_count': 79, 'colsample_bylevel': np.float64(0.8866260100683621), 'depth': 8, 'grow_policy': 'SymmetricTree', 'iterations': 632, 'l2_leaf_reg': np.float64(4.982358878369387), 'learning_rate': np.float64(0.07390202119192586), 'min_data_in_leaf': 17, 'random_strength': np.float64(0.5921162930795382), 'subsample': np.float64(0.7774733164896874)}",-0.2481037603070965,-0.2682640400044323,-0.277741096156755,-0.2925486864670689,-0.2569393822049833,-0.2687193930280672,0.0155769487833676,55,1215.4231193065643,5.797320127487183
16.78242654800415,2.6893740088887714,0.0137643814086914,0.0029390905609463,118,0.994009772585643,10,Depthwise,704,2.045653955392571,0.0919474901707607,11,0.1758633281086639,0.7386639165731947,"{'border_count': 118, 'colsample_bylevel': np.float64(0.994009772585643), 'depth': 10, 'grow_policy': 'Depthwise', 'iterations': 704, 'l2_leaf_reg': np.float64(2.045653955392571), 'learning_rate': np.float64(0.09194749017076076), 'min_data_in_leaf': 11, 'random_strength': np.float64(0.17586332810866392), 'subsample': np.float64(0.7386639165731947)}",-0.2574030217488324,-0.2751266855379375,-0.2859571805138081,-0.2938744262051259,-0.2711985580279957,-0.27671197440674,0.0125361089768904,99,1215.4231193065643,5.797320127487183
29.031415462493896,6.0247133578705965,0.0202178001403808,0.0040528407076405,232,0.8754298317847461,8,Depthwise,1411,4.204373724016073,0.0322820126598717,25,0.9967884099060118,0.8421884920788616,"{'border_count': 232, 'colsample_bylevel': np.float64(0.8754298317847461), 'depth': 8, 'grow_policy': 'Depthwise', 'iterations': 1411, 'l2_leaf_reg': np.float64(4.204373724016073), 'learning_rate': np.float64(0.032282012659871726), 'min_data_in_leaf': 25, 'random_strength': np.float64(0.9967884099060118), 'subsample': np.float64(0.8421884920788616)}",-0.2481865724326493,-0.2643220488346953,-0.2758142161467586,-0.2807778500869155,-0.2493398752742673,-0.2636881125550572,0.0133091927002624,6,1215.4231193065643,5.797320127487183
26.095648527145386,1.3849421876854668,0.0184997081756591,0.0032971557197936,142,0.9919331047810312,10,Depthwise,550,1.2043430813323943,0.0303402594608246,28,0.4476192144826835,0.7095414044455495,"{'border_count': 142, 'colsample_bylevel': np.float64(0.9919331047810312), 'depth': 10, 'grow_policy': 'Depthwise', 'iterations': 550, 'l2_leaf_reg': np.float64(1.2043430813323943), 'learning_rate': np.float64(0.030340259460824682), 'min_data_in_leaf': 28, 'random_strength': np.float64(0.4476192144826835), 'subsample': np.float64(0.7095414044455495)}",-0.2506865717794697,-0.2648458943605213,-0.2810894383007972,-0.2853417904778441,-0.2520739005555768,-0.2668075190948418,0.0143408846387389,31,1215.4231193065643,5.797320127487183
5.399480152130127,1.103468455239544,0.0160982131958007,0.0015922903168071,119,0.7361907613301802,6,Depthwise,545,2.821349305240377,0.0805125906282285,45,0.421582764680029,0.7276871758686237,"{'border_count': 119, 'colsample_bylevel': np.float64(0.7361907613301802), 'depth': 6, 'grow_policy': 'Depthwise', 'iterations': 545, 'l2_leaf_reg': np.float64(2.8213493052403775), 'learning_rate': np.float64(0.08051259062822853), 'min_data_in_leaf': 45, 'random_strength': np.float64(0.421582764680029), 'subsample': np.float64(0.7276871758686237)}",-0.2521387009593522,-0.2627771093020795,-0.2831533108196756,-0.2883500719289539,-0.2544839642607398,-0.2681806314541602,0.0148669279564029,51,1215.4231193065643,5.797320127487183
37.34141020774841,1.69691801272664,0.0352119922637939,0.004877779039375,96,0.8883701168472723,11,Lossguide,1330,2.886429826210363,0.0053892536575469,36,0.9062012797930612,0.9244779071150976,"{'border_count': 96, 'colsample_bylevel': np.float64(0.8883701168472723), 'depth': 11, 'grow_policy': 'Lossguide', 'iterations': 1330, 'l2_leaf_reg': np.float64(2.886429826210363), 'learning_rate': np.float64(0.005389253657546984), 'min_data_in_leaf': 36, 'random_strength': np.float64(0.9062012797930613), 'subsample': np.float64(0.9244779071150975)}",-0.2503012718553153,-0.2642276788444647,-0.2775112192144947,-0.2788547226760275,-0.2503539023702083,-0.2642497589921021,0.012464565003506,9,1215.4231193065643,5.797320127487183
84.20053663253785,17.372356305362562,0.0423835277557373,0.014931892001508,229,0.762804797001013,11,Depthwise,973,4.799777044687929,0.0846898630960301,2,0.8474709381337565,0.7110049608671793,"{'border_count': 229, 'colsample_bylevel': np.float64(0.762804797001013), 'depth': 11, 'grow_policy': 'Depthwise', 'iterations': 973, 'l2_leaf_reg': np.float64(4.799777044687929), 'learning_rate': np.float64(0.0846898630960301), 'min_data_in_leaf': 2, 'random_strength': np.float64(0.8474709381337565), 'subsample': np.float64(0.7110049608671793)}",-0.2575623939257597,-0.2748857905068695,-0.2825845255949455,-0.2887821049432766,-0.2647717788236862,-0.2737173187589075,0.0113837142196817,92,1215.4231193065643,5.797320127487183
5.078563737869263,0.5902122977050694,0.0171018123626708,0.0029470441634736,105,0.7399350785762434,8,Lossguide,1418,3.5583872105783305,0.0848170227897973,45,0.9672149810747231,0.8062440012379376,"{'border_count': 105, 'colsample_bylevel': np.float64(0.7399350785762434), 'depth': 8, 'grow_policy': 'Lossguide', 'iterations': 1418, 'l2_leaf_reg': np.float64(3.5583872105783305), 'learning_rate': np.float64(0.08481702278979734), 'min_data_in_leaf': 45, 'random_strength': np.float64(0.9672149810747233), 'subsample': np.float64(0.8062440012379376)}",-0.2569910278949572,-0.2665811569610204,-0.2792292707089762,-0.2852046998423375,-0.2553452090643464,-0.2686702728943275,0.0118592259828373,54,1215.4231193065643,5.797320127487183
4.8988546371459964,1.5320056101212622,0.0156476020812988,0.0043448942975776,164,0.7727411510904189,6,Lossguide,984,1.9114193923797904,0.0895947638028254,17,0.3114480069965446,0.7982492056533743,"{'border_count': 164, 'colsample_bylevel': np.float64(0.7727411510904189), 'depth': 6, 'grow_policy': 'Lossguide', 'iterations': 984, 'l2_leaf_reg': np.float64(1.9114193923797904), 'learning_rate': np.float64(0.08959476380282545), 'min_data_in_leaf': 17, 'random_strength': np.float64(0.3114480069965446), 'subsample': np.float64(0.7982492056533743)}",-0.2551475244371719,-0.2649339361125497,-0.281965654382637,-0.280521535448555,-0.2515317613255107,-0.2668200823412848,0.0125750314895264,32,1215.4231193065643,5.797320127487183
9.364183044433592,1.0953222231028616,0.0214137554168701,0.007034004558056,93,0.7699649234649403,10,SymmetricTree,1079,2.775521516396524,0.1023234260437364,18,0.1869202880874237,0.8611319625455642,"{'border_count': 93, 'colsample_bylevel': np.float64(0.7699649234649403), 'depth': 10, 'grow_policy': 'SymmetricTree', 'iterations': 1079, 'l2_leaf_reg': np.float64(2.7755215163965237), 'learning_rate': np.float64(0.1023234260437364), 'min_data_in_leaf': 18, 'random_strength': np.float64(0.1869202880874237), 'subsample': np.float64(0.8611319625455642)}",-0.2538475993300914,-0.2657957924936668,-0.2835766596592727,-0.290370703995211,-0.2548541049378398,-0.2696889720832163,0.0148780450485315,62,1215.4231193065643,5.797320127487183
8.430484867095947,1.696010716513922,0.0356674671173095,0.0189430114630325,83,0.8673226797851312,6,Lossguide,1053,2.4188795289936222,0.0594623444597952,26,0.7075552222935728,0.7733059466393963,"{'border_count': 83, 'colsample_bylevel': np.float64(0.8673226797851312), 'depth': 6, 'grow_policy': 'Lossguide', 'iterations': 1053, 'l2_leaf_reg': np.float64(2.4188795289936222), 'learning_rate': np.float64(0.05946234445979526), 'min_data_in_leaf': 26, 'random_strength': np.float64(0.7075552222935728), 'subsample': np.float64(0.7733059466393963)}",-0.2531951271620627,-0.2646011292398538,-0.2804134527987322,-0.290828967026713,-0.2557734269523742,-0.2689624206359472,0.0144972407662369,57,1215.4231193065643,5.797320127487183
32.02583818435669,8.493406496789062,0.0365705013275146,0.0123369178969024,108,0.9959545746378938,10,SymmetricTree,788,1.0376718156703737,0.0387999196568792,6,0.3459577283845081,0.7482044119778667,"{'border_count': 108, 'colsample_bylevel': np.float64(0.9959545746378938), 'depth': 10, 'grow_policy': 'SymmetricTree', 'iterations': 788, 'l2_leaf_reg': np.float64(1.0376718156703737), 'learning_rate': np.float64(0.038799919656879234), 'min_data_in_leaf': 6, 'random_strength': np.float64(0.3459577283845081), 'subsample': np.float64(0.7482044119778667)}",-0.2480452907491804,-0.2677445089442831,-0.2761123606052106,-0.289098434405504,-0.2528144397383089,-0.2667630068884974,0.0150476609915863,29,1215.4231193065643,5.797320127487183
24.052451133728027,4.030942995402148,0.0311285018920898,0.0100519165900265,124,0.7263662873620431,11,Lossguide,1163,5.483827123132126,0.0170350618492463,31,0.5103968269896615,0.994713585072582,"{'border_count': 124, 'colsample_bylevel': np.float64(0.7263662873620431), 'depth': 11, 'grow_policy': 'Lossguide', 'iterations': 1163, 'l2_leaf_reg': np.float64(5.483827123132126), 'learning_rate': np.float64(0.01703506184924633), 'min_data_in_leaf': 31, 'random_strength': np.float64(0.5103968269896615), 'subsample': np.float64(0.9947135850725819)}",-0.2492531045790836,-0.2619775405067253,-0.2752400299939691,-0.2783859451013473,-0.2516346144338268,-0.2632982469229904,0.0118768298040878,4,1215.4231193065643,5.797320127487183
3.989766025543213,0.7378539297088669,0.0113729000091552,0.0038440811080279,55,0.8193566797137224,9,Lossguide,503,1.026500031988027,0.1512600744417713,30,0.2708875873900658,0.9005929659773293,"{'border_count': 55, 'colsample_bylevel': np.float64(0.8193566797137224), 'depth': 9, 'grow_policy': 'Lossguide', 'iterations': 503, 'l2_leaf_reg': np.float64(1.026500031988027), 'learning_rate': np.float64(0.15126007444177136), 'min_data_in_leaf': 30, 'random_strength': np.float64(0.2708875873900658), 'subsample': np.float64(0.9005929659773293)}",-0.2547518651644486,-0.2664307500968972,-0.288419916977545,-0.292729238378677,-0.2649186354752819,-0.2734500812185699,0.0146113773678441,89,1215.4231193065643,5.797320127487183
23.471368646621706,4.472027548375177,0.0194029331207275,0.0017151781569387,234,0.915537181250966,8,Depthwise,934,5.192912793513123,0.0357616340224188,26,0.4236792364042436,0.827630931584925,"{'border_count': 234, 'colsample_bylevel': np.float64(0.9155371812509661), 'depth': 8, 'grow_policy': 'Depthwise', 'iterations': 934, 'l2_leaf_reg': np.float64(5.192912793513123), 'learning_rate': np.float64(0.035761634022418866), 'min_data_in_leaf': 26, 'random_strength': np.float64(0.42367923640424365), 'subsample': np.float64(0.827630931584925)}",-0.2485726818958031,-0.2665003406719398,-0.278013393426825,-0.2847689231676811,-0.2502067418586029,-0.2656124162041703,0.0144860743634824,22,1215.4231193065643,5.797320127487183
3.9133241176605225,1.2447897853524412,0.0165574550628662,0.0048025832547383,69,0.772722919724524,6,Depthwise,1153,2.443152766201279,0.0921857332133918,11,1.032014342256934,0.7961926576478542,"{'border_count': 69, 'colsample_bylevel': np.float64(0.772722919724524), 'depth': 6, 'grow_policy': 'Depthwise', 'iterations': 1153, 'l2_leaf_reg': np.float64(2.443152766201279), 'learning_rate': np.float64(0.09218573321339184), 'min_data_in_leaf': 11, 'random_strength': np.float64(1.0320143422569341), 'subsample': np.float64(0.7961926576478542)}",-0.2517280889529794,-0.2657488657721837,-0.2824443020452274,-0.2980419882655206,-0.2583707828974114,-0.2712668055866645,0.0168544554540139,74,1215.4231193065643,5.797320127487183
3.3290334701538087,0.3027229061478527,0.012058687210083,0.0048985296440462,52,0.715547061046728,7,Depthwise,760,1.3168748523638387,0.1534940348584917,13,0.7845715478798333,0.726360433372797,"{'border_count': 52, 'colsample_bylevel': np.float64(0.715547061046728), 'depth': 7, 'grow_policy': 'Depthwise', 'iterations': 760, 'l2_leaf_reg': np.float64(1.3168748523638387), 'learning_rate': np.float64(0.15349403485849178), 'min_data_in_leaf': 13, 'random_strength': np.float64(0.7845715478798333), 'subsample': np.float64(0.726360433372797)}",-0.2556463797440322,-0.2699207004784599,-0.2833303926153357,-0.2944225805603793,-0.262722453278108,-0.2732085013352631,0.0140120290719885,88,1215.4231193065643,5.797320127487183
4.4648512840271,1.6204188422905312,0.018433141708374,0.0070536850773656,112,0.9044508166671787,6,SymmetricTree,1470,3.3658310052594613,0.0959152821583757,35,0.4488682665429953,0.9788587432743476,"{'border_count': 112, 'colsample_bylevel': np.float64(0.9044508166671787), 'depth': 6, 'grow_policy': 'SymmetricTree', 'iterations': 1470, 'l2_leaf_reg': np.float64(3.3658310052594613), 'learning_rate': np.float64(0.09591528215837579), 'min_data_in_leaf': 35, 'random_strength': np.float64(0.4488682665429953), 'subsample': np.float64(0.9788587432743476)}",-0.2512744205753466,-0.2712256621725245,-0.2806835612431816,-0.2877910663002032,-0.2564600028438461,-0.2694869426270204,0.0138911876895678,59,1215.4231193065643,5.797320127487183
7.3834474086761475,2.203970795547863,0.0720982074737548,0.0720508922398317,111,0.9237923576646154,7,Depthwise,1384,4.654337376018221,0.1457510685231556,12,0.4792285849638004,0.9779348270769131,"{'border_count': 111, 'colsample_bylevel': np.float64(0.9237923576646154), 'depth': 7, 'grow_policy': 'Depthwise', 'iterations': 1384, 'l2_leaf_reg': np.float64(4.654337376018221), 'learning_rate': np.float64(0.14575106852315567), 'min_data_in_leaf': 12, 'random_strength': np.float64(0.4792285849638004), 'subsample': np.float64(0.9779348270769133)}",-0.2594665773969952,-0.2674666373430215,-0.2865758928117159,-0.2913820467599826,-0.2555960933909448,-0.272097449540532,0.0143860982685635,82,1215.4231193065643,5.797320127487183
7.086594152450561,1.198694581831637,0.1002223968505859,0.0801532522664476,113,0.8723419339539735,10,Lossguide,1372,4.752509623826567,0.1249305696379273,35,0.2642657979309929,0.9443724160694146,"{'border_count': 113, 'colsample_bylevel': np.float64(0.8723419339539735), 'depth': 10, 'grow_policy': 'Lossguide', 'iterations': 1372, 'l2_leaf_reg': np.float64(4.752509623826567), 'learning_rate': np.float64(0.12493056963792734), 'min_data_in_leaf': 35, 'random_strength': np.float64(0.2642657979309929), 'subsample': np.float64(0.9443724160694146)}",-0.2557816323350885,-0.2669659883771528,-0.2833689633319256,-0.285182865170799,-0.2561695207411368,-0.2694937939912206,0.0127327665089753,60,1215.4231193065643,5.797320127487183
78.12152047157288,6.660214352688007,0.2459305763244628,0.2332081531134257,172,0.8901275691160531,11,SymmetricTree,1248,3.9415333789752833,0.1074473095125698,8,0.5391349085702184,0.8130833288274723,"{'border_count': 172, 'colsample_bylevel': np.float64(0.8901275691160531), 'depth': 11, 'grow_policy': 'SymmetricTree', 'iterations': 1248, 'l2_leaf_reg': np.float64(3.9415333789752833), 'learning_rate': np.float64(0.10744730951256987), 'min_data_in_leaf': 8, 'random_strength': np.float64(0.5391349085702184), 'subsample': np.float64(0.8130833288274723)}",-0.2550107993466067,-0.273729063792663,-0.2858573393130819,-0.2926550632713742,-0.2608675360209591,-0.273623960348937,0.0142900357605763,90,1215.4231193065643,5.797320127487183
21.937203693389893,8.685612686058064,0.1969325065612793,0.1129615961288161,228,0.8872304632545512,6,Lossguide,1074,3.513601950462396,0.0398319042720225,33,0.4914821102015019,0.8595572439064522,"{'border_count': 228, 'colsample_bylevel': np.float64(0.8872304632545512), 'depth': 6, 'grow_policy': 'Lossguide', 'iterations': 1074, 'l2_leaf_reg': np.float64(3.513601950462396), 'learning_rate': np.float64(0.03983190427202259), 'min_data_in_leaf': 33, 'random_strength': np.float64(0.4914821102015019), 'subsample': np.float64(0.8595572439064522)}",-0.2505779161626054,-0.2634630912501187,-0.2781626233297706,-0.2805402891591641,-0.2489090096306307,-0.2643305859064579,0.0132800092297718,10,1215.4231193065643,5.797320127487183
25.23010950088501,9.43914343927532,0.2033833980560302,0.1965586095508422,102,0.971941633289364,8,Lossguide,1446,3.157640715682213,0.0549223678868726,8,0.7937176074033384,0.7500192279980149,"{'border_count': 102, 'colsample_bylevel': np.float64(0.971941633289364), 'depth': 8, 'grow_policy': 'Lossguide', 'iterations': 1446, 'l2_leaf_reg': np.float64(3.157640715682213), 'learning_rate': np.float64(0.05492236788687264), 'min_data_in_leaf': 8, 'random_strength': np.float64(0.7937176074033384), 'subsample': np.float64(0.7500192279980149)}",-0.2511793143379419,-0.2669944152151531,-0.2814317040470002,-0.2856714220679601,-0.2527541945019766,-0.2676062100340064,0.0142006741460287,40,1215.4231193065643,5.797320127487183
13.940810346603394,1.8428568246805956,0.0422823905944824,0.0291993673644872,160,0.886021826778554,9,Depthwise,730,3.865754246286944,0.1546538923885765,33,0.806980461243459,0.9335715817152253,"{'border_count': 160, 'colsample_bylevel': np.float64(0.886021826778554), 'depth': 9, 'grow_policy': 'Depthwise', 'iterations': 730, 'l2_leaf_reg': np.float64(3.8657542462869436), 'learning_rate': np.float64(0.1546538923885765), 'min_data_in_leaf': 33, 'random_strength': np.float64(0.806980461243459), 'subsample': np.float64(0.9335715817152253)}",-0.2629738250919036,-0.2756763464957681,-0.2820421595482891,-0.2986799144277151,-0.2638144220961489,-0.2766373335319649,0.0131691270286118,98,1215.4231193065643,5.797320127487183
10.672826862335205,0.6433995631974166,0.0542615413665771,0.0234868429689011,82,0.7100597304207338,11,Depthwise,1021,3.469907435654313,0.1181952937790174,38,0.6364813514845947,0.8136464696670747,"{'border_count': 82, 'colsample_bylevel': np.float64(0.7100597304207338), 'depth': 11, 'grow_policy': 'Depthwise', 'iterations': 1021, 'l2_leaf_reg': np.float64(3.469907435654313), 'learning_rate': np.float64(0.11819529377901748), 'min_data_in_leaf': 38, 'random_strength': np.float64(0.6364813514845947), 'subsample': np.float64(0.8136464696670747)}",-0.2601071791318821,-0.2785164512544052,-0.2815934962984496,-0.3005699358557315,-0.2565793508268549,-0.2754732826734646,0.0159352294583632,97,1215.4231193065643,5.797320127487183
21.276269721984864,2.1467370296468564,0.0460285186767578,0.0126635150320152,158,0.7382465986995946,10,SymmetricTree,656,2.1462569761632078,0.1133378852589599,2,0.1122030723180445,0.879532810361568,"{'border_count': 158, 'colsample_bylevel': np.float64(0.7382465986995946), 'depth': 10, 'grow_policy': 'SymmetricTree', 'iterations': 656, 'l2_leaf_reg': np.float64(2.1462569761632073), 'learning_rate': np.float64(0.11333788525895995), 'min_data_in_leaf': 2, 'random_strength': np.float64(0.11220307231804452), 'subsample': np.float64(0.879532810361568)}",-0.2501653595060437,-0.2686035083412587,-0.2847269747349304,-0.28874116105259,-0.2594146381388104,-0.2703303283547266,0.0146627579707398,67,1215.4231193065643,5.797320127487183
11.648706769943235,1.659502225266976,0.0604395866394043,0.0180867564055347,213,0.8628173330042788,8,Lossguide,568,5.133994139045392,0.1488612191846041,40,0.6833917947661204,0.8202554250290919,"{'border_count': 213, 'colsample_bylevel': np.float64(0.8628173330042788), 'depth': 8, 'grow_policy': 'Lossguide', 'iterations': 568, 'l2_leaf_reg': np.float64(5.133994139045392), 'learning_rate': np.float64(0.14886121918460415), 'min_data_in_leaf': 40, 'random_strength': np.float64(0.6833917947661204), 'subsample': np.float64(0.8202554250290919)}",-0.2546773111646252,-0.2706814933837523,-0.2888387630128898,-0.2857514189692648,-0.2549982048503008,-0.2709894382761666,0.0145493253106855,72,1215.4231193065643,5.797320127487183
29.352974796295165,5.001745127805775,0.0473890304565429,0.0179651956915356,96,0.7863788849427178,8,Depthwise,640,1.695580970715309,0.0201191904523829,33,0.1181101838208405,0.9616371726832452,"{'border_count': 96, 'colsample_bylevel': np.float64(0.7863788849427178), 'depth': 8, 'grow_policy': 'Depthwise', 'iterations': 640, 'l2_leaf_reg': np.float64(1.6955809707153093), 'learning_rate': np.float64(0.020119190452382973), 'min_data_in_leaf': 33, 'random_strength': np.float64(0.11811018382084051), 'subsample': np.float64(0.9616371726832453)}",-0.2509746103981347,-0.2650114136150253,-0.2821059287777073,-0.2866256988600937,-0.2544721335417555,-0.2678379570385433,0.0143356988367481,45,1215.4231193065643,5.797320127487183
18.52525906562805,4.41853211173382,0.029809284210205,0.0132145166863171,253,0.7306637992675599,9,SymmetricTree,1387,1.1151130239381877,0.1027050816482369,49,0.6762883601668132,0.8820145139148567,"{'border_count': 253, 'colsample_bylevel': np.float64(0.7306637992675599), 'depth': 9, 'grow_policy': 'SymmetricTree', 'iterations': 1387, 'l2_leaf_reg': np.float64(1.1151130239381875), 'learning_rate': np.float64(0.10270508164823693), 'min_data_in_leaf': 49, 'random_strength': np.float64(0.6762883601668132), 'subsample': np.float64(0.8820145139148567)}",-0.2491746154635248,-0.2666941289564774,-0.2813601137957667,-0.2845636092019861,-0.258742049495973,-0.2681069033827456,0.0133760883551898,48,1215.4231193065643,5.797320127487183
16.770233869552612,4.890023748442982,0.0235911846160888,0.0041585768061098,100,0.9209332706874168,6,Depthwise,1278,3.2541968570206605,0.0219857068761132,21,0.2655205103672897,0.7558962638482362,"{'border_count': 100, 'colsample_bylevel': np.float64(0.9209332706874168), 'depth': 6, 'grow_policy': 'Depthwise', 'iterations': 1278, 'l2_leaf_reg': np.float64(3.2541968570206605), 'learning_rate': np.float64(0.021985706876113287), 'min_data_in_leaf': 21, 'random_strength': np.float64(0.26552051036728974), 'subsample': np.float64(0.7558962638482362)}",-0.2464946260472099,-0.2627602930443206,-0.2763027828901799,-0.2819166913275664,-0.2507444169207643,-0.2636437620460082,0.0138232936806274,5,1215.4231193065643,5.797320127487183
9.932773971557618,3.555534790573593,0.0162526130676269,0.0051647415078036,106,0.7996439237964816,11,Lossguide,870,3.9563771787246464,0.0648504055805195,9,0.8442496518432888,0.7616739425126912,"{'border_count': 106, 'colsample_bylevel': np.float64(0.7996439237964816), 'depth': 11, 'grow_policy': 'Lossguide', 'iterations': 870, 'l2_leaf_reg': np.float64(3.9563771787246464), 'learning_rate': np.float64(0.06485040558051954), 'min_data_in_leaf': 9, 'random_strength': np.float64(0.8442496518432888), 'subsample': np.float64(0.7616739425126912)}",-0.253195943569948,-0.2630588828253641,-0.2760164468281381,-0.2802826431762524,-0.2525983323400819,-0.2650304497479569,0.0114177203685382,14,1215.4231193065643,5.797320127487183
