mean_fit_time,std_fit_time,mean_score_time,std_score_time,param_colsample_bytree,param_learning_rate,param_max_depth,param_min_child_samples,param_min_split_gain,param_n_estimators,param_num_leaves,param_reg_alpha,param_reg_lambda,param_subsample,params,split0_test_score,split1_test_score,split2_test_score,split3_test_score,split4_test_score,mean_test_score,std_test_score,rank_test_score,total_hpo_time_s
1.354345703125,0.19334171673392692,0.010769796371459962,0.004495714992421826,0.749816047538945,0.1476071459614874,8,17,0.23946339367881464,1114,94,0.45924889196586716,0.33370861113902184,0.6571467271687763,"{'colsample_bytree': np.float64(0.749816047538945), 'learning_rate': np.float64(0.1476071459614874), 'max_depth': 8, 'min_child_samples': 17, 'min_split_gain': np.float64(0.23946339367881464), 'n_estimators': 1114, 'num_leaves': 94, 'reg_alpha': np.float64(0.45924889196586716), 'reg_lambda': np.float64(0.33370861113902184), 'subsample': np.float64(0.6571467271687763)}",-0.25878374106998314,-0.27361685044139267,-0.29159816918049547,-0.2963253832136191,-0.2656041608017813,-0.27718566094145436,0.014557112153326793,96,133.17761945724487
8.405122900009156,0.7942109453427643,0.011503458023071289,0.0015315443452466884,0.8603553891795411,0.01346173685406504,9,39,0.08493564427131046,691,79,0.18340450985343382,0.3042422429595377,0.8099025726528951,"{'colsample_bytree': np.float64(0.8603553891795411), 'learning_rate': np.float64(0.01346173685406504), 'max_depth': 9, 'min_child_samples': 39, 'min_split_gain': np.float64(0.08493564427131046), 'n_estimators': 691, 'num_leaves': 79, 'reg_alpha': np.float64(0.18340450985343382), 'reg_lambda': np.float64(0.3042422429595377), 'subsample': np.float64(0.8099025726528951)}",-0.24922107101922367,-0.26425989178637843,-0.28007510462386725,-0.2811028098881435,-0.2634888101165409,-0.2676295374868307,0.011864172820328586,15,133.17761945724487
1.8054622650146483,0.13493392368977333,0.006563329696655273,0.0028557490242116044,0.7727780074568463,0.04868437102970628,8,37,0.3895022075365837,1282,81,0.0906064345328208,0.6183860093330873,0.7529847965068651,"{'colsample_bytree': np.float64(0.7727780074568463), 'learning_rate': np.float64(0.04868437102970628), 'max_depth': 8, 'min_child_samples': 37, 'min_split_gain': np.float64(0.3895022075365837), 'n_estimators': 1282, 'num_leaves': 81, 'reg_alpha': np.float64(0.0906064345328208), 'reg_lambda': np.float64(0.6183860093330873), 'subsample': np.float64(0.7529847965068651)}",-0.25124945979657887,-0.26838922675281174,-0.2806722069273856,-0.2768577909101482,-0.26140259304719693,-0.26771425548682426,0.010610324327340425,17,133.17761945724487
1.8598480224609375,0.058383480130834026,0.005829286575317383,0.001402536100871165,0.9932923543227152,0.075014433987197,10,16,0.06820964947491662,666,37,0.9488855372533332,0.9656320330745594,0.9233589392465844,"{'colsample_bytree': np.float64(0.9932923543227152), 'learning_rate': np.float64(0.075014433987197), 'max_depth': 10, 'min_child_samples': 16, 'min_split_gain': np.float64(0.06820964947491662), 'n_estimators': 666, 'num_leaves': 37, 'reg_alpha': np.float64(0.9488855372533332), 'reg_lambda': np.float64(0.9656320330745594), 'subsample': np.float64(0.9233589392465844)}",-0.2569718843091919,-0.2729522547137278,-0.28463720218221783,-0.27902198662618627,-0.2701409926557369,-0.27274486409741217,0.009342804944091215,81,133.17761945724487
3.8951533794403077,0.5627655690505551,0.01713452339172363,0.015811604136442437,0.7218455076693483,0.01965081710095758,9,37,0.17606099749584053,954,63,0.4951769101112702,0.034388521115218396,0.9637281608315128,"{'colsample_bytree': np.float64(0.7218455076693483), 'learning_rate': np.float64(0.01965081710095758), 'max_depth': 9, 'min_child_samples': 37, 'min_split_gain': np.float64(0.17606099749584053), 'n_estimators': 954, 'num_leaves': 63, 'reg_alpha': np.float64(0.4951769101112702), 'reg_lambda': np.float64(0.034388521115218396), 'subsample': np.float64(0.9637281608315128)}",-0.2504005638368917,-0.2672581475489284,-0.2779927626220773,-0.28262446201476193,-0.262897383494075,-0.2682346639033469,0.011399842558822938,33,133.17761945724487
1.3867780685424804,0.1920514055296339,0.0053690910339355465,0.002003674984879233,0.7035119926400067,0.1043783426530973,7,15,0.08317666514727554,1271,73,0.03131329245555858,0.8422847745949985,0.7799016533479063,"{'colsample_bytree': np.float64(0.7035119926400067), 'learning_rate': np.float64(0.1043783426530973), 'max_depth': 7, 'min_child_samples': 15, 'min_split_gain': np.float64(0.08317666514727554), 'n_estimators': 1271, 'num_leaves': 73, 'reg_alpha': np.float64(0.03131329245555858), 'reg_lambda': np.float64(0.8422847745949985), 'subsample': np.float64(0.7799016533479063)}",-0.2592872904261724,-0.2750444061854684,-0.2840230848045193,-0.2933942736024942,-0.2611564201114305,-0.2745810950260169,0.013095219525145751,89,133.17761945724487
0.8885766506195069,0.06888864105075956,0.005768775939941406,0.002256235326135508,0.7580600944007257,0.14399882986906912,11,32,0.20833370401032947,1201,59,0.8445338486781514,0.7473201101373809,0.815876852955632,"{'colsample_bytree': np.float64(0.7580600944007257), 'learning_rate': np.float64(0.14399882986906912), 'max_depth': 11, 'min_child_samples': 32, 'min_split_gain': np.float64(0.20833370401032947), 'n_estimators': 1201, 'num_leaves': 59, 'reg_alpha': np.float64(0.8445338486781514), 'reg_lambda': np.float64(0.7473201101373809), 'subsample': np.float64(0.815876852955632)}",-0.25900832404449564,-0.2677982545376555,-0.2831947444853419,-0.28955658926719513,-0.2671505628578332,-0.27334169503850425,0.011265085464090706,82,133.17761945724487
0.722059679031372,0.09995909147177756,0.005696678161621093,0.001196492332041348,0.8347004662655393,0.1497882960896207,9,38,0.32087879230161587,564,90,0.4234014807063696,0.3948815181755697,0.7173952698872152,"{'colsample_bytree': np.float64(0.8347004662655393), 'learning_rate': np.float64(0.1497882960896207), 'max_depth': 9, 'min_child_samples': 38, 'min_split_gain': np.float64(0.32087879230161587), 'n_estimators': 564, 'num_leaves': 90, 'reg_alpha': np.float64(0.4234014807063696), 'reg_lambda': np.float64(0.3948815181755697), 'subsample': np.float64(0.7173952698872152)}",-0.2517436456319032,-0.2669616497969404,-0.28511532337449236,-0.28878584609937186,-0.26531985267558633,-0.27158526351565887,0.013661958410583309,77,133.17761945724487
2.106856679916382,0.26596835446804307,0.007111501693725586,0.0020399050179747778,0.6056319290860338,0.03482636061332077,8,44,0.3085081386743783,1272,60,0.9149596755437808,0.8500385777897993,0.7797802696552814,"{'colsample_bytree': np.float64(0.6056319290860338), 'learning_rate': np.float64(0.03482636061332077), 'max_depth': 8, 'min_child_samples': 44, 'min_split_gain': np.float64(0.3085081386743783), 'n_estimators': 1272, 'num_leaves': 60, 'reg_alpha': np.float64(0.9149596755437808), 'reg_lambda': np.float64(0.8500385777897993), 'subsample': np.float64(0.7797802696552814)}",-0.250893915951582,-0.26376785992172436,-0.27760005566433116,-0.27921646791071575,-0.2599458854495627,-0.26628483697958316,0.010757873233335664,6,133.17761945724487
1.595132064819336,0.1819978637518972,0.004704141616821289,0.001366822457634031,0.6381640465961645,0.06062273782973995,11,33,0.2663689426469987,1183,54,0.4722149251619493,0.1195942459383017,0.885297914889198,"{'colsample_bytree': np.float64(0.6381640465961645), 'learning_rate': np.float64(0.06062273782973995), 'max_depth': 11, 'min_child_samples': 33, 'min_split_gain': np.float64(0.2663689426469987), 'n_estimators': 1183, 'num_leaves': 54, 'reg_alpha': np.float64(0.4722149251619493), 'reg_lambda': np.float64(0.1195942459383017), 'subsample': np.float64(0.885297914889198)}",-0.2542268867804036,-0.27067873485661537,-0.2778735875428052,-0.2843136808804751,-0.26310125293509323,-0.2700388285990785,0.010618020489254242,57,133.17761945724487
1.345572566986084,0.09329099087990604,0.007075786590576172,0.0007662443908806892,0.9043140194467589,0.08919157963542444,11,48,0.01617343581537254,706,34,0.11089082081183133,0.4393365018657701,0.6806876809341584,"{'colsample_bytree': np.float64(0.9043140194467589), 'learning_rate': np.float64(0.08919157963542444), 'max_depth': 11, 'min_child_samples': 48, 'min_split_gain': np.float64(0.01617343581537254), 'n_estimators': 706, 'num_leaves': 34, 'reg_alpha': np.float64(0.11089082081183133), 'reg_lambda': np.float64(0.4393365018657701), 'subsample': np.float64(0.6806876809341584)}",-0.25173602596027767,-0.2633569345286006,-0.2793629767041394,-0.27777162579791503,-0.26673827478281886,-0.26779316755475036,0.010119830740396674,18,133.17761945724487
1.3553009033203125,0.16427643403157252,0.004416036605834961,0.0005636101122893974,0.9583054382694077,0.07630553347731676,10,41,0.278206434570451,984,42,0.6044173792778172,0.5398410913016731,0.6812244898939077,"{'colsample_bytree': np.float64(0.9583054382694077), 'learning_rate': np.float64(0.07630553347731676), 'max_depth': 10, 'min_child_samples': 41, 'min_split_gain': np.float64(0.278206434570451), 'n_estimators': 984, 'num_leaves': 42, 'reg_alpha': np.float64(0.6044173792778172), 'reg_lambda': np.float64(0.5398410913016731), 'subsample': np.float64(0.6812244898939077)}",-0.25292420202059346,-0.26589281950944493,-0.28167254639168327,-0.28010395492561413,-0.26386643070607385,-0.2688919907106819,0.010754276377122347,45,133.17761945724487
1.0217848777770997,0.019077546092109612,0.006316518783569336,0.0014090751236465928,0.9771414282231924,0.0948298199732804,8,31,0.3521871356061031,1181,64,0.295633685837714,0.10549425983027061,0.782613828193164,"{'colsample_bytree': np.float64(0.9771414282231924), 'learning_rate': np.float64(0.0948298199732804), 'max_depth': 8, 'min_child_samples': 31, 'min_split_gain': np.float64(0.3521871356061031), 'n_estimators': 1181, 'num_leaves': 64, 'reg_alpha': np.float64(0.295633685837714), 'reg_lambda': np.float64(0.10549425983027061), 'subsample': np.float64(0.782613828193164)}",-0.2514520541400077,-0.2659743635282869,-0.278829867677162,-0.2841837281977021,-0.2627426193747171,-0.2686365265835752,0.011685469850748984,39,133.17761945724487
2.162354040145874,0.027098949258692023,0.006293964385986328,0.0010687362130251913,0.6873761748867334,0.06747649218055493,11,20,0.12973800840210958,847,81,0.11005192452767676,0.22793516254194168,0.7708431154505025,"{'colsample_bytree': np.float64(0.6873761748867334), 'learning_rate': np.float64(0.06747649218055493), 'max_depth': 11, 'min_child_samples': 20, 'min_split_gain': np.float64(0.12973800840210958), 'n_estimators': 847, 'num_leaves': 81, 'reg_alpha': np.float64(0.11005192452767676), 'reg_lambda': np.float64(0.22793516254194168), 'subsample': np.float64(0.7708431154505025)}",-0.2571377865471432,-0.27543535449583073,-0.28518690421500553,-0.2918672476861199,-0.2654603339628438,-0.27501752538138863,0.012637475676483654,90,133.17761945724487
0.771653127670288,0.04372263556924654,0.004761552810668946,0.0018222113957012062,0.9272059063689972,0.1341095874884515,11,17,0.21363576775017679,817,56,0.6924360328902703,0.2694123337985215,0.6976502088991097,"{'colsample_bytree': np.float64(0.9272059063689972), 'learning_rate': np.float64(0.1341095874884515), 'max_depth': 11, 'min_child_samples': 17, 'min_split_gain': np.float64(0.21363576775017679), 'n_estimators': 817, 'num_leaves': 56, 'reg_alpha': np.float64(0.6924360328902703), 'reg_lambda': np.float64(0.2694123337985215), 'subsample': np.float64(0.6976502088991097)}",-0.2590405804156005,-0.2768543894541007,-0.28717368062121007,-0.28339445353470594,-0.2741664393328693,-0.2761259086716973,0.009707354484438357,94,133.17761945724487
1.7782363414764404,0.20510893113202444,0.007254219055175782,0.0013876006988240445,0.6673164168691722,0.03781463293596053,6,21,0.10071291833014567,885,22,0.30087830981676966,0.2848404943774676,0.6147547789418131,"{'colsample_bytree': np.float64(0.6673164168691722), 'learning_rate': np.float64(0.03781463293596053), 'max_depth': 6, 'min_child_samples': 21, 'min_split_gain': np.float64(0.10071291833014567), 'n_estimators': 885, 'num_leaves': 22, 'reg_alpha': np.float64(0.30087830981676966), 'reg_lambda': np.float64(0.2848404943774676), 'subsample': np.float64(0.6147547789418131)}",-0.2555171959471119,-0.26526960495451835,-0.2812343559815154,-0.2787616462699845,-0.26037924497170045,-0.2682324096249661,0.010119708482415909,32,133.17761945724487
1.062610101699829,0.1831836070634702,0.005894660949707031,0.002126985805708151,0.8438257335919588,0.08040185348432922,11,32,0.11145858569464458,724,20,0.23956189066697242,0.1448948720912231,0.7957811041110252,"{'colsample_bytree': np.float64(0.8438257335919588), 'learning_rate': np.float64(0.08040185348432922), 'max_depth': 11, 'min_child_samples': 32, 'min_split_gain': np.float64(0.11145858569464458), 'n_estimators': 724, 'num_leaves': 20, 'reg_alpha': np.float64(0.23956189066697242), 'reg_lambda': np.float64(0.1448948720912231), 'subsample': np.float64(0.7957811041110252)}",-0.2540619637338508,-0.26592956774227205,-0.2753642169122644,-0.27365774783864505,-0.2616417954409909,-0.2661310583336046,0.007845500576498165,4,133.17761945724487
2.819355535507202,0.2279375234560377,0.006602191925048828,0.0013966962356616903,0.9942601816442402,0.04130829072672506,9,20,0.1478617824245618,900,57,0.3677831327192532,0.6323058305935795,0.8534118843043579,"{'colsample_bytree': np.float64(0.9942601816442402), 'learning_rate': np.float64(0.04130829072672506), 'max_depth': 9, 'min_child_samples': 20, 'min_split_gain': np.float64(0.1478617824245618), 'n_estimators': 900, 'num_leaves': 57, 'reg_alpha': np.float64(0.3677831327192532), 'reg_lambda': np.float64(0.6323058305935795), 'subsample': np.float64(0.8534118843043579)}",-0.2527176434249949,-0.2779515179629009,-0.2882837313481835,-0.282761478655779,-0.26662629386512415,-0.2736681330513965,0.01267408812392569,84,133.17761945724487
4.531562042236328,0.3835639177197453,0.009404850006103516,0.0022789151573469,0.8143098736299034,0.018543465508161244,6,18,0.12831202598869434,825,99,0.040775141554763916,0.5908929431882418,0.871025744736913,"{'colsample_bytree': np.float64(0.8143098736299034), 'learning_rate': np.float64(0.018543465508161244), 'max_depth': 6, 'min_child_samples': 18, 'min_split_gain': np.float64(0.12831202598869434), 'n_estimators': 825, 'num_leaves': 99, 'reg_alpha': np.float64(0.040775141554763916), 'reg_lambda': np.float64(0.5908929431882418), 'subsample': np.float64(0.871025744736913)}",-0.25085919571356924,-0.2644601347711473,-0.28043201228403164,-0.28043095939443297,-0.26199608600749646,-0.2676356776341355,0.011408810872466531,16,133.17761945724487
1.1013963222503662,0.02794646934598239,0.006319570541381836,0.001064181517710711,0.6066351315711425,0.08181395874489215,8,29,0.25806911616378,1319,52,0.3975720210875223,0.5177513505274801,0.9350840423629312,"{'colsample_bytree': np.float64(0.6066351315711425), 'learning_rate': np.float64(0.08181395874489215), 'max_depth': 8, 'min_child_samples': 29, 'min_split_gain': np.float64(0.25806911616378), 'n_estimators': 1319, 'num_leaves': 52, 'reg_alpha': np.float64(0.3975720210875223), 'reg_lambda': np.float64(0.5177513505274801), 'subsample': np.float64(0.9350840423629312)}",-0.2551792953373216,-0.27431530165241313,-0.27988315509268324,-0.284169584262661,-0.2609585965490211,-0.27090118657882,0.011085262991255411,67,133.17761945724487
0.841331958770752,0.11271365247452621,0.006044864654541016,0.001750580769295851,0.8702760468157122,0.11528241788611582,7,32,0.21657918953102634,797,26,0.659984046034179,0.8172222002012158,0.822080324639785,"{'colsample_bytree': np.float64(0.8702760468157122), 'learning_rate': np.float64(0.11528241788611582), 'max_depth': 7, 'min_child_samples': 32, 'min_split_gain': np.float64(0.21657918953102634), 'n_estimators': 797, 'num_leaves': 26, 'reg_alpha': np.float64(0.659984046034179), 'reg_lambda': np.float64(0.8172222002012158), 'subsample': np.float64(0.822080324639785)}",-0.25386626748330926,-0.2667664838083096,-0.2816328085141293,-0.27560821157874826,-0.26618190224432126,-0.26881113472576357,0.009434384878633538,41,133.17761945724487
2.1260690689086914,0.1100640209794119,0.0077231407165527345,0.0006080906761651081,0.8118602313424026,0.04127784363506775,11,21,0.22331738144283905,659,28,0.2788713525921819,0.7003578299727713,0.9386644568953224,"{'colsample_bytree': np.float64(0.8118602313424026), 'learning_rate': np.float64(0.04127784363506775), 'max_depth': 11, 'min_child_samples': 21, 'min_split_gain': np.float64(0.22331738144283905), 'n_estimators': 659, 'num_leaves': 28, 'reg_alpha': np.float64(0.2788713525921819), 'reg_lambda': np.float64(0.7003578299727713), 'subsample': np.float64(0.9386644568953224)}",-0.2561816330706136,-0.26711571654005223,-0.2792212126078065,-0.27912334259620125,-0.2637951271883027,-0.2690874064005953,0.008965141482201896,47,133.17761945724487
1.0835913181304933,0.06537696738522941,0.006436491012573242,0.0011980740569115672,0.942529716751237,0.06567621906832852,6,33,0.34037137950700513,1124,91,0.7853406511139436,0.6689882547142286,0.8322746485745819,"{'colsample_bytree': np.float64(0.942529716751237), 'learning_rate': np.float64(0.06567621906832852), 'max_depth': 6, 'min_child_samples': 33, 'min_split_gain': np.float64(0.34037137950700513), 'n_estimators': 1124, 'num_leaves': 91, 'reg_alpha': np.float64(0.7853406511139436), 'reg_lambda': np.float64(0.6689882547142286), 'subsample': np.float64(0.8322746485745819)}",-0.25204415932891877,-0.2642827467828546,-0.27965351250634896,-0.27380759012179495,-0.2624696078557571,-0.2664515233191349,0.009555476093559102,8,133.17761945724487
0.9871337890625,0.10574854695919704,0.0048411846160888675,0.0012623994237239743,0.7489131066246972,0.14602001636866677,6,38,0.11356838989498629,1377,85,0.6918951976926933,0.6519612595026005,0.689707723784224,"{'colsample_bytree': np.float64(0.7489131066246972), 'learning_rate': np.float64(0.14602001636866677), 'max_depth': 6, 'min_child_samples': 38, 'min_split_gain': np.float64(0.11356838989498629), 'n_estimators': 1377, 'num_leaves': 85, 'reg_alpha': np.float64(0.6918951976926933), 'reg_lambda': np.float64(0.6519612595026005), 'subsample': np.float64(0.689707723784224)}",-0.2480239013247038,-0.2661161615449675,-0.2785297734821324,-0.28365238312613855,-0.26352019454593484,-0.2679684828047754,0.012478223294688817,24,133.17761945724487
2.155705118179321,0.17032564793412322,0.007067060470581055,0.0013173135695821255,0.8848716885390143,0.04058736312452001,10,29,0.14658751383314397,891,26,0.7209399242521293,0.3080607918523892,0.8170160922219597,"{'colsample_bytree': np.float64(0.8848716885390143), 'learning_rate': np.float64(0.04058736312452001), 'max_depth': 10, 'min_child_samples': 29, 'min_split_gain': np.float64(0.14658751383314397), 'n_estimators': 891, 'num_leaves': 26, 'reg_alpha': np.float64(0.7209399242521293), 'reg_lambda': np.float64(0.3080607918523892), 'subsample': np.float64(0.8170160922219597)}",-0.2560920474450494,-0.267154905223315,-0.2777777155783804,-0.27515466832137897,-0.2633302016400476,-0.26790190764163424,0.007887527193258312,21,133.17761945724487
0.8629525661468506,0.04387713122678994,0.006290245056152344,0.0027531838192409734,0.803525630735504,0.10044989272788431,11,39,0.38920422190097825,864,70,0.8920465551771133,0.6311386259972629,0.9179245214166594,"{'colsample_bytree': np.float64(0.803525630735504), 'learning_rate': np.float64(0.10044989272788431), 'max_depth': 11, 'min_child_samples': 39, 'min_split_gain': np.float64(0.38920422190097825), 'n_estimators': 864, 'num_leaves': 70, 'reg_alpha': np.float64(0.8920465551771133), 'reg_lambda': np.float64(0.6311386259972629), 'subsample': np.float64(0.9179245214166594)}",-0.25095442192896805,-0.27200942730725436,-0.2823469596811682,-0.2821705502077499,-0.26437380966539137,-0.27037103375810634,0.011817844433936648,62,133.17761945724487
1.3520868301391602,0.16732410691031707,0.006951618194580078,0.0015256744888589653,0.8010548372420768,0.09153558269395387,6,14,0.09207410729662212,1315,38,0.5720041992091831,0.768554014306309,0.6174415087017735,"{'colsample_bytree': np.float64(0.8010548372420768), 'learning_rate': np.float64(0.09153558269395387), 'max_depth': 6, 'min_child_samples': 14, 'min_split_gain': np.float64(0.09207410729662212), 'n_estimators': 1315, 'num_leaves': 38, 'reg_alpha': np.float64(0.5720041992091831), 'reg_lambda': np.float64(0.768554014306309), 'subsample': np.float64(0.6174415087017735)}",-0.25660461277532576,-0.271408539157008,-0.28376324322785945,-0.28194206238066827,-0.2631422345209293,-0.2713721384123582,0.010498335370537298,75,133.17761945724487
1.7263388633728027,0.01986145905805559,0.005504465103149414,0.0012675223380151125,0.9978202043189364,0.07549167709864145,11,15,0.14806348010217776,1244,56,0.9283185625877254,0.42818414831731433,0.9866619276174678,"{'colsample_bytree': np.float64(0.9978202043189364), 'learning_rate': np.float64(0.07549167709864145), 'max_depth': 11, 'min_child_samples': 15, 'min_split_gain': np.float64(0.14806348010217776), 'n_estimators': 1244, 'num_leaves': 56, 'reg_alpha': np.float64(0.9283185625877254), 'reg_lambda': np.float64(0.42818414831731433), 'subsample': np.float64(0.9866619276174678)}",-0.26129766880971655,-0.2773291676324087,-0.28568087874339965,-0.2911549351752936,-0.2705491946102603,-0.27720236899421574,0.010618846696709976,97,133.17761945724487
1.5470813274383546,0.038667265853083964,0.006197166442871094,0.0016513646295123448,0.9854479908357011,0.13295141832010401,10,30,0.07636441246013842,660,86,0.1694927466860925,0.5568012624583502,0.9744619096643123,"{'colsample_bytree': np.float64(0.9854479908357011), 'learning_rate': np.float64(0.13295141832010401), 'max_depth': 10, 'min_child_samples': 30, 'min_split_gain': np.float64(0.07636441246013842), 'n_estimators': 660, 'num_leaves': 86, 'reg_alpha': np.float64(0.1694927466860925), 'reg_lambda': np.float64(0.5568012624583502), 'subsample': np.float64(0.9744619096643123)}",-0.2614289750960383,-0.27088835078802037,-0.28239756128032006,-0.28392998507311173,-0.2708602364707524,-0.27390102174164854,0.008326413375575985,85,133.17761945724487
1.045134973526001,0.0915712292368767,0.005290555953979492,0.0013711461015956336,0.8784119186699892,0.09050917551340475,7,41,0.26845740672962026,1162,85,0.25416364906973876,0.29529058841893874,0.7290203056954402,"{'colsample_bytree': np.float64(0.8784119186699892), 'learning_rate': np.float64(0.09050917551340475), 'max_depth': 7, 'min_child_samples': 41, 'min_split_gain': np.float64(0.26845740672962026), 'n_estimators': 1162, 'num_leaves': 85, 'reg_alpha': np.float64(0.25416364906973876), 'reg_lambda': np.float64(0.29529058841893874), 'subsample': np.float64(0.7290203056954402)}",-0.24953687272053085,-0.2635603923758731,-0.2786957950921661,-0.27932350860015376,-0.2664594534739769,-0.2675152044525402,0.010994700673052459,12,133.17761945724487
3.5239647388458253,0.3929343875978105,0.017291259765625,0.018517477590445704,0.9394679179698697,0.025493199716304323,11,48,0.11743673770579735,1258,45,0.8101133946791808,0.8670723185801037,0.9652962210225885,"{'colsample_bytree': np.float64(0.9394679179698697), 'learning_rate': np.float64(0.025493199716304323), 'max_depth': 11, 'min_child_samples': 48, 'min_split_gain': np.float64(0.11743673770579735), 'n_estimators': 1258, 'num_leaves': 45, 'reg_alpha': np.float64(0.8101133946791808), 'reg_lambda': np.float64(0.8670723185801037), 'subsample': np.float64(0.9652962210225885)}",-0.25212524695267396,-0.2619893155519953,-0.2788083754524206,-0.28123843292342604,-0.26495638789415926,-0.26782355175493505,0.01085652893673203,20,133.17761945724487
0.9335428237915039,0.028030888230453216,0.004934453964233398,0.0010158781553864355,0.8045369595443751,0.08022744420307994,10,29,0.2599855723111061,1011,35,0.050768531039396936,0.8866171489506599,0.6110467087494819,"{'colsample_bytree': np.float64(0.8045369595443751), 'learning_rate': np.float64(0.08022744420307994), 'max_depth': 10, 'min_child_samples': 29, 'min_split_gain': np.float64(0.2599855723111061), 'n_estimators': 1011, 'num_leaves': 35, 'reg_alpha': np.float64(0.050768531039396936), 'reg_lambda': np.float64(0.8866171489506599), 'subsample': np.float64(0.6110467087494819)}",-0.2578268793603305,-0.2720731923076499,-0.2822052065060633,-0.28113421856401083,-0.26442623592285375,-0.27153314653218164,0.009431172099810738,76,133.17761945724487
1.773651361465454,0.2014894390353107,0.007932758331298828,0.0010756643773472906,0.8315459582030235,0.07077111845271304,11,34,0.06201664669109768,689,41,0.5908332605690108,0.03050024993904943,0.6149392754996857,"{'colsample_bytree': np.float64(0.8315459582030235), 'learning_rate': np.float64(0.07077111845271304), 'max_depth': 11, 'min_child_samples': 34, 'min_split_gain': np.float64(0.06201664669109768), 'n_estimators': 689, 'num_leaves': 41, 'reg_alpha': np.float64(0.5908332605690108), 'reg_lambda': np.float64(0.03050024993904943), 'subsample': np.float64(0.6149392754996857)}",-0.25397358198112086,-0.2721139323815365,-0.28282858682779277,-0.2805184140820242,-0.26571575097631284,-0.27103005324975743,0.010484027858022806,69,133.17761945724487
1.784067726135254,0.04520564402459526,0.005825567245483399,0.001343868052277205,0.9290402242638633,0.05902859621168943,9,46,0.20889730402192175,552,79,0.21582102749684318,0.6228904758190003,0.6341389859975072,"{'colsample_bytree': np.float64(0.9290402242638633), 'learning_rate': np.float64(0.05902859621168943), 'max_depth': 9, 'min_child_samples': 46, 'min_split_gain': np.float64(0.20889730402192175), 'n_estimators': 552, 'num_leaves': 79, 'reg_alpha': np.float64(0.21582102749684318), 'reg_lambda': np.float64(0.6228904758190003), 'subsample': np.float64(0.6341389859975072)}",-0.25086822077659326,-0.26306168247014666,-0.27946849578594085,-0.2831081412873802,-0.2637047941068655,-0.2680422668853853,0.011799212086857408,27,133.17761945724487
1.1127057075500488,0.088063931710815,0.01522078514099121,0.018140215306393214,0.6206726884674431,0.0847031947352222,8,49,0.2904365334890646,768,49,0.04106751676787579,0.39882090144479454,0.7734082950322968,"{'colsample_bytree': np.float64(0.6206726884674431), 'learning_rate': np.float64(0.0847031947352222), 'max_depth': 8, 'min_child_samples': 49, 'min_split_gain': np.float64(0.2904365334890646), 'n_estimators': 768, 'num_leaves': 49, 'reg_alpha': np.float64(0.04106751676787579), 'reg_lambda': np.float64(0.39882090144479454), 'subsample': np.float64(0.7734082950322968)}",-0.2525782060466593,-0.26789641185113033,-0.27532460052933405,-0.2796887325089044,-0.26231994149604704,-0.26756157848641504,0.009585621495900812,13,133.17761945724487
1.4715588092803955,0.2187944286225294,0.006734132766723633,0.001309218806390388,0.8976170571996461,0.04262907910199917,7,32,0.1713257899760431,1407,20,0.17329432007084578,0.15643704267108605,0.7000971592658382,"{'colsample_bytree': np.float64(0.8976170571996461), 'learning_rate': np.float64(0.04262907910199917), 'max_depth': 7, 'min_child_samples': 32, 'min_split_gain': np.float64(0.1713257899760431), 'n_estimators': 1407, 'num_leaves': 20, 'reg_alpha': np.float64(0.17329432007084578), 'reg_lambda': np.float64(0.15643704267108605), 'subsample': np.float64(0.7000971592658382)}",-0.2540984686525291,-0.2650854092627484,-0.27956256183889755,-0.27923356552587447,-0.26479004286268226,-0.26855400962854636,0.009699509628364116,38,133.17761945724487
1.2115796089172364,0.13615961966657106,0.004852199554443359,0.001035771463351284,0.8196906658824482,0.11218938840500935,10,10,0.38194611226527764,1498,83,0.5543540525114007,0.6117207462343522,0.7678400249711159,"{'colsample_bytree': np.float64(0.8196906658824482), 'learning_rate': np.float64(0.11218938840500935), 'max_depth': 10, 'min_child_samples': 10, 'min_split_gain': np.float64(0.38194611226527764), 'n_estimators': 1498, 'num_leaves': 83, 'reg_alpha': np.float64(0.5543540525114007), 'reg_lambda': np.float64(0.6117207462343522), 'subsample': np.float64(0.7678400249711159)}",-0.25719055359074094,-0.2766441568807479,-0.2985819714775459,-0.29005974305362875,-0.2679291935166442,-0.2780811237038615,0.014868184561636756,100,133.17761945724487
3.1207881450653074,0.46509544254984925,0.005500888824462891,0.00044684612360011987,0.699092395800463,0.058395901797689234,10,31,0.005757395451902347,1473,88,0.09415698826856012,0.3114133093912942,0.9918042114486034,"{'colsample_bytree': np.float64(0.699092395800463), 'learning_rate': np.float64(0.058395901797689234), 'max_depth': 10, 'min_child_samples': 31, 'min_split_gain': np.float64(0.005757395451902347), 'n_estimators': 1473, 'num_leaves': 88, 'reg_alpha': np.float64(0.09415698826856012), 'reg_lambda': np.float64(0.3114133093912942), 'subsample': np.float64(0.9918042114486034)}",-0.251339558884374,-0.2716265859382574,-0.27803278303807594,-0.2841581657043918,-0.2637248911104902,-0.2697763969351178,0.011445209511548319,53,133.17761945724487
8.400323963165283,0.3562997017186774,0.020972728729248047,0.004119098707010391,0.6701321079557354,0.0075741652747625355,7,30,0.1893887083122263,788,42,0.048058924197033726,0.9491457315913859,0.954672154919219,"{'colsample_bytree': np.float64(0.6701321079557354), 'learning_rate': np.float64(0.0075741652747625355), 'max_depth': 7, 'min_child_samples': 30, 'min_split_gain': np.float64(0.1893887083122263), 'n_estimators': 788, 'num_leaves': 42, 'reg_alpha': np.float64(0.048058924197033726), 'reg_lambda': np.float64(0.9491457315913859), 'subsample': np.float64(0.954672154919219)}",-0.25153972259587914,-0.2648796058764335,-0.27829489175699484,-0.2786669427289802,-0.2600526360773969,-0.2666867598071369,0.010535498559404971,9,133.17761945724487
6.229585981369018,0.8368684622896321,0.018134307861328126,0.005300443020015138,0.7043574493366855,0.007295681043557713,8,41,0.34259593647532893,824,23,0.6158511643899138,0.9438916045607572,0.977700638850067,"{'colsample_bytree': np.float64(0.7043574493366855), 'learning_rate': np.float64(0.007295681043557713), 'max_depth': 8, 'min_child_samples': 41, 'min_split_gain': np.float64(0.34259593647532893), 'n_estimators': 824, 'num_leaves': 23, 'reg_alpha': np.float64(0.6158511643899138), 'reg_lambda': np.float64(0.9438916045607572), 'subsample': np.float64(0.977700638850067)}",-0.25115550059764263,-0.26310684212798574,-0.278043497306614,-0.27748845901680463,-0.2603475334023666,-0.26602836649028266,0.010370211167403592,3,133.17761945724487
1.1305732727050781,0.030595141584260133,0.004573535919189453,0.0003616368468629836,0.9468795734220015,0.1004605396169017,9,33,0.2708673369531927,1174,52,0.45825289049151663,0.5456167893159349,0.97658592351061,"{'colsample_bytree': np.float64(0.9468795734220015), 'learning_rate': np.float64(0.1004605396169017), 'max_depth': 9, 'min_child_samples': 33, 'min_split_gain': np.float64(0.2708673369531927), 'n_estimators': 1174, 'num_leaves': 52, 'reg_alpha': np.float64(0.45825289049151663), 'reg_lambda': np.float64(0.5456167893159349), 'subsample': np.float64(0.97658592351061)}",-0.2545671322468731,-0.26576101920307904,-0.28071032384295397,-0.2844542917215088,-0.2648663656044211,-0.2700718265237672,0.01101007137246152,58,133.17761945724487
1.1306937694549561,0.13704371439424323,0.00466609001159668,0.0013597205501967972,0.7544410551203097,0.14917858457358713,7,38,0.027744520350066183,1106,65,0.018221825651549728,0.0944429607559284,0.8732027093665427,"{'colsample_bytree': np.float64(0.7544410551203097), 'learning_rate': np.float64(0.14917858457358713), 'max_depth': 7, 'min_child_samples': 38, 'min_split_gain': np.float64(0.027744520350066183), 'n_estimators': 1106, 'num_leaves': 65, 'reg_alpha': np.float64(0.018221825651549728), 'reg_lambda': np.float64(0.0944429607559284), 'subsample': np.float64(0.8732027093665427)}",-0.25153852206746335,-0.2671870258672525,-0.2784127366633608,-0.2891794790637734,-0.26463586301970504,-0.27019072533631106,0.012774643877804455,61,133.17761945724487
1.476431179046631,0.20869645275928964,0.005987644195556641,0.001472273231497013,0.6284754593840916,0.05284634454406419,7,19,0.009308774294330347,917,26,0.11816482762165625,0.6967371653641506,0.8515771387119535,"{'colsample_bytree': np.float64(0.6284754593840916), 'learning_rate': np.float64(0.05284634454406419), 'max_depth': 7, 'min_child_samples': 19, 'min_split_gain': np.float64(0.009308774294330347), 'n_estimators': 917, 'num_leaves': 26, 'reg_alpha': np.float64(0.11816482762165625), 'reg_lambda': np.float64(0.6967371653641506), 'subsample': np.float64(0.8515771387119535)}",-0.2528658453982435,-0.26310402610798345,-0.28025530336999527,-0.2825232004420392,-0.2617778279682753,-0.26810524065730734,0.011426189692492107,28,133.17761945724487
1.2897642612457276,0.07295945809686273,0.005257844924926758,0.0010227257237724714,0.9509888054108212,0.11526065657058286,10,45,0.07097581751188912,956,43,0.806834739267264,0.9905051420006733,0.7650470707645706,"{'colsample_bytree': np.float64(0.9509888054108212), 'learning_rate': np.float64(0.11526065657058286), 'max_depth': 10, 'min_child_samples': 45, 'min_split_gain': np.float64(0.07097581751188912), 'n_estimators': 956, 'num_leaves': 43, 'reg_alpha': np.float64(0.806834739267264), 'reg_lambda': np.float64(0.9905051420006733), 'subsample': np.float64(0.7650470707645706)}",-0.25119070305288027,-0.26731549070342947,-0.2797653793803058,-0.2830170061269599,-0.2707441977725721,-0.2704065554072296,0.011185067890610932,63,133.17761945724487
0.7718302726745605,0.06068422908721146,0.005330657958984375,0.0010052165735769563,0.7488072343171133,0.12146194411129953,11,41,0.3433651007372047,868,74,0.7508710677914974,0.7545428740846823,0.641249547534373,"{'colsample_bytree': np.float64(0.7488072343171133), 'learning_rate': np.float64(0.12146194411129953), 'max_depth': 11, 'min_child_samples': 41, 'min_split_gain': np.float64(0.3433651007372047), 'n_estimators': 868, 'num_leaves': 74, 'reg_alpha': np.float64(0.7508710677914974), 'reg_lambda': np.float64(0.7545428740846823), 'subsample': np.float64(0.641249547534373)}",-0.25230322560884927,-0.2650137631600281,-0.283348393171512,-0.28131005667916187,-0.2650207025015439,-0.269399228224219,0.011550966487423979,50,133.17761945724487
1.4412977695465088,0.16191875120499183,0.005389118194580078,0.0013898387676553768,0.9610211626718267,0.08078785586717857,6,31,0.11905406980372435,518,68,0.053485296747368904,0.9585414968831983,0.9388572576382359,"{'colsample_bytree': np.float64(0.9610211626718267), 'learning_rate': np.float64(0.08078785586717857), 'max_depth': 6, 'min_child_samples': 31, 'min_split_gain': np.float64(0.11905406980372435), 'n_estimators': 518, 'num_leaves': 68, 'reg_alpha': np.float64(0.053485296747368904), 'reg_lambda': np.float64(0.9585414968831983), 'subsample': np.float64(0.9388572576382359)}",-0.25382663139758815,-0.2622531264160633,-0.2839141152450895,-0.27548832206803514,-0.26242539111978425,-0.26758151724931206,0.010709300537966615,14,133.17761945724487
1.0321212768554688,0.05236570407908944,0.005314540863037109,0.0012165114344224125,0.7419620761850882,0.14852013276896844,9,28,0.197210263108722,643,88,0.29321077169806453,0.32866454536991596,0.8690073824308153,"{'colsample_bytree': np.float64(0.7419620761850882), 'learning_rate': np.float64(0.14852013276896844), 'max_depth': 9, 'min_child_samples': 28, 'min_split_gain': np.float64(0.197210263108722), 'n_estimators': 643, 'num_leaves': 88, 'reg_alpha': np.float64(0.29321077169806453), 'reg_lambda': np.float64(0.32866454536991596), 'subsample': np.float64(0.8690073824308153)}",-0.25504275399397114,-0.2755281299159545,-0.2825006654230324,-0.29435115879103163,-0.27228140022648056,-0.2759408216700941,0.012901650866081155,93,133.17761945724487
1.0496464252471924,0.14060099497276096,0.0055806636810302734,0.0016620211785177985,0.900949811775072,0.12373685655887728,6,48,0.03648244121947615,541,77,0.057558760016644284,0.5495288823237355,0.7766122005493508,"{'colsample_bytree': np.float64(0.900949811775072), 'learning_rate': np.float64(0.12373685655887728), 'max_depth': 6, 'min_child_samples': 48, 'min_split_gain': np.float64(0.03648244121947615), 'n_estimators': 541, 'num_leaves': 77, 'reg_alpha': np.float64(0.057558760016644284), 'reg_lambda': np.float64(0.5495288823237355), 'subsample': np.float64(0.7766122005493508)}",-0.2497748586826204,-0.2658371804035612,-0.2783549858638381,-0.28059854728573075,-0.26519882817824225,-0.26795288008279855,0.011050956092015767,23,133.17761945724487
1.4570625305175782,0.06116163492821732,0.005370616912841797,0.001203961069065477,0.9550816731033199,0.057637251882811796,7,21,0.2752120040700156,1453,36,0.10112267612279024,0.08410680611499743,0.880387652583648,"{'colsample_bytree': np.float64(0.9550816731033199), 'learning_rate': np.float64(0.057637251882811796), 'max_depth': 7, 'min_child_samples': 21, 'min_split_gain': np.float64(0.2752120040700156), 'n_estimators': 1453, 'num_leaves': 36, 'reg_alpha': np.float64(0.10112267612279024), 'reg_lambda': np.float64(0.08410680611499743), 'subsample': np.float64(0.880387652583648)}",-0.25385107880532465,-0.26905087738920785,-0.2826591413419131,-0.2799464267900093,-0.266835231480924,-0.2704685511614758,0.010293607858379232,64,133.17761945724487
1.560073232650757,0.17437798741251015,0.004997920989990234,0.0016719528643308358,0.6291052025456774,0.12827900889355343,7,11,0.032539512256759905,664,57,0.9866395785011755,0.3742707957561203,0.7482568588267564,"{'colsample_bytree': np.float64(0.6291052025456774), 'learning_rate': np.float64(0.12827900889355343), 'max_depth': 7, 'min_child_samples': 11, 'min_split_gain': np.float64(0.032539512256759905), 'n_estimators': 664, 'num_leaves': 57, 'reg_alpha': np.float64(0.9866395785011755), 'reg_lambda': np.float64(0.3742707957561203), 'subsample': np.float64(0.7482568588267564)}",-0.2595591189874278,-0.2732854966177,-0.28287385748234867,-0.2869980728366986,-0.26786350711791773,-0.27411601060841856,0.009943179131175924,87,133.17761945724487
0.8375344276428223,0.03356592431193829,0.004415035247802734,0.0004546941473309343,0.925119826903001,0.1470872866075788,6,13,0.14008729868012543,751,50,0.48166698796411533,0.37798759012225447,0.882033745718664,"{'colsample_bytree': np.float64(0.925119826903001), 'learning_rate': np.float64(0.1470872866075788), 'max_depth': 6, 'min_child_samples': 13, 'min_split_gain': np.float64(0.14008729868012543), 'n_estimators': 751, 'num_leaves': 50, 'reg_alpha': np.float64(0.48166698796411533), 'reg_lambda': np.float64(0.37798759012225447), 'subsample': np.float64(0.882033745718664)}",-0.2559918869255183,-0.27604208894632454,-0.29487608624318296,-0.2782761510243009,-0.2670194041114969,-0.27444112345016475,0.012886539315507664,88,133.17761945724487
2.6815081596374513,0.08942014815565708,0.006255722045898438,0.0016788600236138215,0.6994896617721151,0.054537879352864777,11,12,0.1014728695492555,1253,77,0.7409738609106683,0.7671948531085717,0.9291161407506773,"{'colsample_bytree': np.float64(0.6994896617721151), 'learning_rate': np.float64(0.054537879352864777), 'max_depth': 11, 'min_child_samples': 12, 'min_split_gain': np.float64(0.1014728695492555), 'n_estimators': 1253, 'num_leaves': 77, 'reg_alpha': np.float64(0.7409738609106683), 'reg_lambda': np.float64(0.7671948531085717), 'subsample': np.float64(0.9291161407506773)}",-0.25705251652551525,-0.2790595392585796,-0.28634886187715636,-0.28960025033542286,-0.26472137246558386,-0.2753565080924516,0.012534517874365818,91,133.17761945724487
0.5295638084411621,0.025947587981845086,0.00547323226928711,0.0017852752547461933,0.8976846627773192,0.10715591406453635,9,34,0.34743965127578413,1433,25,0.8021092490267341,0.9779006687542708,0.8224020154570338,"{'colsample_bytree': np.float64(0.8976846627773192), 'learning_rate': np.float64(0.10715591406453635), 'max_depth': 9, 'min_child_samples': 34, 'min_split_gain': np.float64(0.34743965127578413), 'n_estimators': 1433, 'num_leaves': 25, 'reg_alpha': np.float64(0.8021092490267341), 'reg_lambda': np.float64(0.9779006687542708), 'subsample': np.float64(0.8224020154570338)}",-0.25385535568175005,-0.2677238235179496,-0.27984438363709424,-0.2742378743931044,-0.2659086982276472,-0.2683140270915091,0.008754749740088396,34,133.17761945724487
5.559110260009765,0.1512564594147578,0.0158689022064209,0.0032810944142186217,0.7290745553110335,0.011510117494725913,10,20,0.36764628611146377,1175,38,0.969302535619099,0.5230978441701488,0.851759455254105,"{'colsample_bytree': np.float64(0.7290745553110335), 'learning_rate': np.float64(0.011510117494725913), 'max_depth': 10, 'min_child_samples': 20, 'min_split_gain': np.float64(0.36764628611146377), 'n_estimators': 1175, 'num_leaves': 38, 'reg_alpha': np.float64(0.969302535619099), 'reg_lambda': np.float64(0.5230978441701488), 'subsample': np.float64(0.851759455254105)}",-0.25374672194470727,-0.2696927650448395,-0.2798543447301565,-0.2814497320470486,-0.2609887677063535,-0.2691464662946211,0.010677336965641541,49,133.17761945724487
1.4081675052642821,0.1514134927750139,0.005641126632690429,0.001476775122529529,0.8782994755938469,0.07318115971516599,10,12,0.3604632041963956,1452,94,0.2809631895922303,0.9504114840765587,0.9561055135563665,"{'colsample_bytree': np.float64(0.8782994755938469), 'learning_rate': np.float64(0.07318115971516599), 'max_depth': 10, 'min_child_samples': 12, 'min_split_gain': np.float64(0.3604632041963956), 'n_estimators': 1452, 'num_leaves': 94, 'reg_alpha': np.float64(0.2809631895922303), 'reg_lambda': np.float64(0.9504114840765587), 'subsample': np.float64(0.9561055135563665)}",-0.255094281089,-0.27899405813931644,-0.28836073910551113,-0.2911731964629973,-0.2650305534657768,-0.27573056565252035,0.013776741359231124,92,133.17761945724487
0.8085999488830566,0.032403835745816754,0.005326604843139649,0.0013159958897708353,0.7822627011142852,0.09801988967023051,7,37,0.25873934466748955,1147,77,0.22939474570494967,0.26593792496423896,0.7441380380821073,"{'colsample_bytree': np.float64(0.7822627011142852), 'learning_rate': np.float64(0.09801988967023051), 'max_depth': 7, 'min_child_samples': 37, 'min_split_gain': np.float64(0.25873934466748955), 'n_estimators': 1147, 'num_leaves': 77, 'reg_alpha': np.float64(0.22939474570494967), 'reg_lambda': np.float64(0.26593792496423896), 'subsample': np.float64(0.7441380380821073)}",-0.24872721089166538,-0.26569787823878016,-0.28041677647100005,-0.28395494008055816,-0.2656456425704629,-0.2688884896504934,0.012546493893782857,44,133.17761945724487
1.6061744689941406,0.24161868638986514,0.005285835266113282,0.0007207027231026481,0.703979945141705,0.07298612702432465,6,18,0.1238110465145311,1223,96,0.6847311725538793,0.1626169393448913,0.9643708737975369,"{'colsample_bytree': np.float64(0.703979945141705), 'learning_rate': np.float64(0.07298612702432465), 'max_depth': 6, 'min_child_samples': 18, 'min_split_gain': np.float64(0.1238110465145311), 'n_estimators': 1223, 'num_leaves': 96, 'reg_alpha': np.float64(0.6847311725538793), 'reg_lambda': np.float64(0.1626169393448913), 'subsample': np.float64(0.9643708737975369)}",-0.24991896488393495,-0.2693700430452811,-0.28400366312684555,-0.27936364373809247,-0.2623811226225725,-0.26900748748334535,0.012170021439054443,46,133.17761945724487
0.8729945659637451,0.11423991634021562,0.005561017990112304,0.0023285664976908415,0.9290148971692676,0.1474699869937886,10,34,0.16729721451624757,1323,49,0.8660638895004084,0.04521867010618941,0.6105467897989008,"{'colsample_bytree': np.float64(0.9290148971692676), 'learning_rate': np.float64(0.1474699869937886), 'max_depth': 10, 'min_child_samples': 34, 'min_split_gain': np.float64(0.16729721451624757), 'n_estimators': 1323, 'num_leaves': 49, 'reg_alpha': np.float64(0.8660638895004084), 'reg_lambda': np.float64(0.04521867010618941), 'subsample': np.float64(0.6105467897989008)}",-0.2565221129592235,-0.2714836194456494,-0.28655697997534835,-0.2852043013062022,-0.2703546827516418,-0.27402433928761305,0.011030033510397792,86,133.17761945724487
0.8652242183685303,0.04005012358870788,0.0056288719177246095,0.0010417180979286978,0.7505853467512198,0.12658299961727493,6,20,0.23765228614085407,562,78,0.8421189231357087,0.8383287047111379,0.7874772639179881,"{'colsample_bytree': np.float64(0.7505853467512198), 'learning_rate': np.float64(0.12658299961727493), 'max_depth': 6, 'min_child_samples': 20, 'min_split_gain': np.float64(0.23765228614085407), 'n_estimators': 562, 'num_leaves': 78, 'reg_alpha': np.float64(0.8421189231357087), 'reg_lambda': np.float64(0.8383287047111379), 'subsample': np.float64(0.7874772639179881)}",-0.25231559786346064,-0.2647577494851122,-0.2809396381247898,-0.2830887963254435,-0.2580081871777752,-0.26782199379531624,0.01225803051524222,19,133.17761945724487
1.5254590511322021,0.03088010691699136,0.007559394836425782,0.0013222675361303198,0.7659278009350661,0.04601106078960593,11,37,0.325160403652031,1362,24,0.9966368370739054,0.5554317056026274,0.9075949660722042,"{'colsample_bytree': np.float64(0.7659278009350661), 'learning_rate': np.float64(0.04601106078960593), 'max_depth': 11, 'min_child_samples': 37, 'min_split_gain': np.float64(0.325160403652031), 'n_estimators': 1362, 'num_leaves': 24, 'reg_alpha': np.float64(0.9966368370739054), 'reg_lambda': np.float64(0.5554317056026274), 'subsample': np.float64(0.9075949660722042)}",-0.25332381923961866,-0.26330731349051956,-0.27748741426699464,-0.27280668154781984,-0.2618232312210141,-0.2657496919531933,0.008524785585395255,2,133.17761945724487
0.6345422267913818,0.07591596407728228,0.004185295104980469,0.0004927044302032776,0.9779062919529712,0.1324471086016117,6,30,0.18021765412403742,1377,20,0.9540510272587224,0.60617463445088,0.6914571222013851,"{'colsample_bytree': np.float64(0.9779062919529712), 'learning_rate': np.float64(0.1324471086016117), 'max_depth': 6, 'min_child_samples': 30, 'min_split_gain': np.float64(0.18021765412403742), 'n_estimators': 1377, 'num_leaves': 20, 'reg_alpha': np.float64(0.9540510272587224), 'reg_lambda': np.float64(0.60617463445088), 'subsample': np.float64(0.6914571222013851)}",-0.25161133035731453,-0.26591192694445015,-0.2849612104942984,-0.27488294303468563,-0.2637733586348891,-0.2682281538931276,0.011185797550711701,31,133.17761945724487
1.7695878505706788,0.21472493057265776,0.00543680191040039,0.0015668518903562266,0.8686802737623427,0.09771923606868438,9,40,0.04542303687985161,653,53,0.4762106967890142,0.8313714900625012,0.7231108959084198,"{'colsample_bytree': np.float64(0.8686802737623427), 'learning_rate': np.float64(0.09771923606868438), 'max_depth': 9, 'min_child_samples': 40, 'min_split_gain': np.float64(0.04542303687985161), 'n_estimators': 653, 'num_leaves': 53, 'reg_alpha': np.float64(0.4762106967890142), 'reg_lambda': np.float64(0.8313714900625012), 'subsample': np.float64(0.7231108959084198)}",-0.24941011704481245,-0.2680443499198122,-0.2823368429241647,-0.2829665233775317,-0.2678296847928149,-0.2701175036118272,0.012269779963671946,60,133.17761945724487
0.8529461860656739,0.09111955739821866,0.007138872146606445,0.0003397745856986692,0.9265542940852249,0.15019606481597345,11,39,0.31672713578785316,900,66,0.4205357786650751,0.7846682639443096,0.8557445427896969,"{'colsample_bytree': np.float64(0.9265542940852249), 'learning_rate': np.float64(0.15019606481597345), 'max_depth': 11, 'min_child_samples': 39, 'min_split_gain': np.float64(0.31672713578785316), 'n_estimators': 900, 'num_leaves': 66, 'reg_alpha': np.float64(0.4205357786650751), 'reg_lambda': np.float64(0.7846682639443096), 'subsample': np.float64(0.8557445427896969)}",-0.2532762628430626,-0.2681557040557023,-0.2807272242805447,-0.2822010208653083,-0.2711034914689396,-0.2710927407027115,0.010414128337508502,71,133.17761945724487
1.0839086055755616,0.10013046101867985,0.006019878387451172,0.001620013205602832,0.9220178670077448,0.14047265880149393,9,43,0.1402350235226388,597,49,0.5548156085422257,0.09100209105133028,0.8905588130600912,"{'colsample_bytree': np.float64(0.9220178670077448), 'learning_rate': np.float64(0.14047265880149393), 'max_depth': 9, 'min_child_samples': 43, 'min_split_gain': np.float64(0.1402350235226388), 'n_estimators': 597, 'num_leaves': 49, 'reg_alpha': np.float64(0.5548156085422257), 'reg_lambda': np.float64(0.09100209105133028), 'subsample': np.float64(0.8905588130600912)}",-0.25040577712176454,-0.26423606708603353,-0.28458873127413065,-0.2816254815928208,-0.2679993905219466,-0.2697710895193392,0.012400643802120762,52,133.17761945724487
1.1061230182647706,0.07826141111701435,0.0054840087890625,0.001265451609484708,0.8189785227596447,0.07263656711241566,9,39,0.2488346800911494,1062,24,0.7964717756738773,0.45934680794617244,0.9368365660074839,"{'colsample_bytree': np.float64(0.8189785227596447), 'learning_rate': np.float64(0.07263656711241566), 'max_depth': 9, 'min_child_samples': 39, 'min_split_gain': np.float64(0.2488346800911494), 'n_estimators': 1062, 'num_leaves': 24, 'reg_alpha': np.float64(0.7964717756738773), 'reg_lambda': np.float64(0.45934680794617244), 'subsample': np.float64(0.9368365660074839)}",-0.25318384783636405,-0.2676761282940732,-0.2786402903935366,-0.2692004362885037,-0.2629955424594847,-0.26633924905439244,0.008313052526209572,7,133.17761945724487
6.571663951873779,0.5274884183397341,0.012554740905761719,0.001624987672215419,0.907567096526159,0.014935396677779877,10,43,0.24832227376883653,949,96,0.20913079107851418,0.5796499344717384,0.736625284182618,"{'colsample_bytree': np.float64(0.907567096526159), 'learning_rate': np.float64(0.014935396677779877), 'max_depth': 10, 'min_child_samples': 43, 'min_split_gain': np.float64(0.24832227376883653), 'n_estimators': 949, 'num_leaves': 96, 'reg_alpha': np.float64(0.20913079107851418), 'reg_lambda': np.float64(0.5796499344717384), 'subsample': np.float64(0.736625284182618)}",-0.2477748721002214,-0.2632873858106506,-0.2799456039678164,-0.2823794881800344,-0.2639620470501392,-0.26746987942177236,0.012614528056361905,11,133.17761945724487
0.9715994358062744,0.059837589425541744,0.005908155441284179,0.0011580764090028271,0.8149053666856281,0.0740178738475358,8,25,0.2563498979212859,859,23,0.3456672833238632,0.8967884099060118,0.7895846561051489,"{'colsample_bytree': np.float64(0.8149053666856281), 'learning_rate': np.float64(0.0740178738475358), 'max_depth': 8, 'min_child_samples': 25, 'min_split_gain': np.float64(0.2563498979212859), 'n_estimators': 859, 'num_leaves': 23, 'reg_alpha': np.float64(0.3456672833238632), 'reg_lambda': np.float64(0.8967884099060118), 'subsample': np.float64(0.7895846561051489)}",-0.25606001922207733,-0.26654394856417296,-0.2801426353352163,-0.27604020547929325,-0.2632170321207008,-0.2684007681442921,0.00870454398577258,36,133.17761945724487
2.63717098236084,0.11716075773368577,0.006130218505859375,0.0012014447932894607,0.8670230954084108,0.030847980680244476,7,28,0.3287162547377797,965,61,0.17701048427674682,0.08870253375705561,0.6482543484402403,"{'colsample_bytree': np.float64(0.8670230954084108), 'learning_rate': np.float64(0.030847980680244476), 'max_depth': 7, 'min_child_samples': 28, 'min_split_gain': np.float64(0.3287162547377797), 'n_estimators': 965, 'num_leaves': 61, 'reg_alpha': np.float64(0.17701048427674682), 'reg_lambda': np.float64(0.08870253375705561), 'subsample': np.float64(0.6482543484402403)}",-0.2540397487326756,-0.26562727720209767,-0.280201897228102,-0.27801191544746673,-0.2623134253336064,-0.2680388527887897,0.009818072718771137,26,133.17761945724487
3.1098184108734133,0.2725737383628553,0.006163167953491211,0.0011100293363132511,0.7843115072130903,0.035950057760868875,7,23,0.13203980532406218,1422,92,0.09229058622874609,0.4811453940562932,0.8751138868384332,"{'colsample_bytree': np.float64(0.7843115072130903), 'learning_rate': np.float64(0.035950057760868875), 'max_depth': 7, 'min_child_samples': 23, 'min_split_gain': np.float64(0.13203980532406218), 'n_estimators': 1422, 'num_leaves': 92, 'reg_alpha': np.float64(0.09229058622874609), 'reg_lambda': np.float64(0.4811453940562932), 'subsample': np.float64(0.8751138868384332)}",-0.25332841123191885,-0.270964318484292,-0.2814986377767886,-0.2799052894908405,-0.26313176198952254,-0.2697656837946725,0.010546121426936757,51,133.17761945724487
2.8112415313720702,0.46393725828966687,0.008391189575195312,0.002085411478255691,0.8046628054189044,0.028546652407429058,10,26,0.1107510592588815,756,27,0.7482596903836584,0.18452101935637732,0.6837397293346841,"{'colsample_bytree': np.float64(0.8046628054189044), 'learning_rate': np.float64(0.028546652407429058), 'max_depth': 10, 'min_child_samples': 26, 'min_split_gain': np.float64(0.1107510592588815), 'n_estimators': 756, 'num_leaves': 27, 'reg_alpha': np.float64(0.7482596903836584), 'reg_lambda': np.float64(0.18452101935637732), 'subsample': np.float64(0.6837397293346841)}",-0.25646881825030243,-0.26512270220612305,-0.28051496896752987,-0.27544643462526536,-0.2641422688740138,-0.2683390385846469,0.008574709157246087,35,133.17761945724487
1.026068878173828,0.12121439365732778,0.005400753021240235,0.0017323921609414816,0.7481888411165528,0.0776784477786532,7,37,0.14756545582790898,715,21,0.7474709381337565,0.0366832028905979,0.7009747777376083,"{'colsample_bytree': np.float64(0.7481888411165528), 'learning_rate': np.float64(0.0776784477786532), 'max_depth': 7, 'min_child_samples': 37, 'min_split_gain': np.float64(0.14756545582790898), 'n_estimators': 715, 'num_leaves': 21, 'reg_alpha': np.float64(0.7474709381337565), 'reg_lambda': np.float64(0.0366832028905979), 'subsample': np.float64(0.7009747777376083)}",-0.25563271655887726,-0.2648695623161155,-0.2788400037607755,-0.2769256274178682,-0.26346583039309607,-0.26794674808934654,0.008723145778172119,22,133.17761945724487
0.8088683128356934,0.033573364891345,0.005142068862915039,0.002034881991152157,0.885339834353821,0.1392810256530799,11,27,0.17896494672938187,1238,34,0.1048691665324809,0.7374052060938191,0.6729135513903832,"{'colsample_bytree': np.float64(0.885339834353821), 'learning_rate': np.float64(0.1392810256530799), 'max_depth': 11, 'min_child_samples': 27, 'min_split_gain': np.float64(0.17896494672938187), 'n_estimators': 1238, 'num_leaves': 34, 'reg_alpha': np.float64(0.1048691665324809), 'reg_lambda': np.float64(0.7374052060938191), 'subsample': np.float64(0.6729135513903832)}",-0.2583039208686278,-0.2697986011026096,-0.28410685219282833,-0.2832189188187011,-0.26130938140884985,-0.2713475348783233,0.01074271401782865,74,133.17761945724487
0.8119492530822754,0.06123043611608438,0.0047534465789794925,0.001043456866629461,0.8255860368075345,0.13110649788168965,11,35,0.21413422560620943,1036,36,0.34292686427826025,0.47396994143055615,0.7420417213117219,"{'colsample_bytree': np.float64(0.8255860368075345), 'learning_rate': np.float64(0.13110649788168965), 'max_depth': 11, 'min_child_samples': 35, 'min_split_gain': np.float64(0.21413422560620943), 'n_estimators': 1036, 'num_leaves': 36, 'reg_alpha': np.float64(0.34292686427826025), 'reg_lambda': np.float64(0.47396994143055615), 'subsample': np.float64(0.7420417213117219)}",-0.2496947785458655,-0.2734697248564383,-0.2870358717688562,-0.2828949606232148,-0.2613609707357083,-0.2708912613060166,0.013794948628619663,66,133.17761945724487
1.4724249362945556,0.05217036823608656,0.005705499649047851,0.0017296584757979195,0.8595291361166304,0.07693731526313753,9,31,0.23473644720835166,1275,59,0.4316595462296794,0.12758030279556376,0.7135103623194898,"{'colsample_bytree': np.float64(0.8595291361166304), 'learning_rate': np.float64(0.07693731526313753), 'max_depth': 9, 'min_child_samples': 31, 'min_split_gain': np.float64(0.23473644720835166), 'n_estimators': 1275, 'num_leaves': 59, 'reg_alpha': np.float64(0.4316595462296794), 'reg_lambda': np.float64(0.12758030279556376), 'subsample': np.float64(0.7135103623194898)}",-0.25213000135182523,-0.26737994891963796,-0.2808136117162392,-0.2835690324191416,-0.26583296121076594,-0.269945111123522,0.011354325227136593,56,133.17761945724487
1.1314969539642334,0.07804724520595516,0.005733919143676758,0.001615262196075213,0.7452329185594541,0.10188758619974018,7,15,0.24230992774275487,788,72,0.10178247262040374,0.15285913918433203,0.6983830913538033,"{'colsample_bytree': np.float64(0.7452329185594541), 'learning_rate': np.float64(0.10188758619974018), 'max_depth': 7, 'min_child_samples': 15, 'min_split_gain': np.float64(0.24230992774275487), 'n_estimators': 788, 'num_leaves': 72, 'reg_alpha': np.float64(0.10178247262040374), 'reg_lambda': np.float64(0.15285913918433203), 'subsample': np.float64(0.6983830913538033)}",-0.2566618020535209,-0.26679841048817204,-0.2856153091911967,-0.2870401748084723,-0.26289723348878585,-0.2718025860060296,0.012300941826289808,78,133.17761945724487
2.5606609344482423,0.5517610976393985,0.007971572875976562,0.002537801050508829,0.6642725493038223,0.032985053607695866,11,39,0.06934943811790194,1322,28,0.08023374566164221,0.5245113895702547,0.7641587307958646,"{'colsample_bytree': np.float64(0.6642725493038223), 'learning_rate': np.float64(0.032985053607695866), 'max_depth': 11, 'min_child_samples': 39, 'min_split_gain': np.float64(0.06934943811790194), 'n_estimators': 1322, 'num_leaves': 28, 'reg_alpha': np.float64(0.08023374566164221), 'reg_lambda': np.float64(0.5245113895702547), 'subsample': np.float64(0.7641587307958646)}",-0.25213413763419684,-0.26323456732139605,-0.2792749793817314,-0.27706582944779445,-0.259449859483473,-0.26623187465371834,0.01040406581593388,5,133.17761945724487
3.514271306991577,0.12063342285827497,0.008119630813598632,0.0016226486242273755,0.9929514467634426,0.021805835325207853,7,29,0.3877881733101476,503,98,0.8170720709492799,0.25790282704493983,0.6683550349560263,"{'colsample_bytree': np.float64(0.9929514467634426), 'learning_rate': np.float64(0.021805835325207853), 'max_depth': 7, 'min_child_samples': 29, 'min_split_gain': np.float64(0.3877881733101476), 'n_estimators': 503, 'num_leaves': 98, 'reg_alpha': np.float64(0.8170720709492799), 'reg_lambda': np.float64(0.25790282704493983), 'subsample': np.float64(0.6683550349560263)}",-0.2553400763387303,-0.2676018818032345,-0.27990537821713024,-0.27707359042002433,-0.26434774055195054,-0.26885373346621394,0.008879132094188561,42,133.17761945724487
0.9549364566802978,0.17425716196529978,0.004805564880371094,0.0008071224270269278,0.8674572879697724,0.14440639836913788,8,17,0.1906477936505648,672,63,0.2050775601494591,0.9679940665042343,0.8843809915346993,"{'colsample_bytree': np.float64(0.8674572879697724), 'learning_rate': np.float64(0.14440639836913788), 'max_depth': 8, 'min_child_samples': 17, 'min_split_gain': np.float64(0.1906477936505648), 'n_estimators': 672, 'num_leaves': 63, 'reg_alpha': np.float64(0.2050775601494591), 'reg_lambda': np.float64(0.9679940665042343), 'subsample': np.float64(0.8843809915346993)}",-0.2586381837038577,-0.2757652763859357,-0.2926662561285586,-0.29206267271135694,-0.26972334824285626,-0.27777114743451303,0.013122292858776053,98,133.17761945724487
1.0451603412628174,0.0762112699081206,0.004813385009765625,0.0014709628468396589,0.6798027709353279,0.11543707755477323,9,10,0.24424801697665305,819,57,0.5812382214226123,0.1543627152742023,0.792456040741927,"{'colsample_bytree': np.float64(0.6798027709353279), 'learning_rate': np.float64(0.11543707755477323), 'max_depth': 9, 'min_child_samples': 10, 'min_split_gain': np.float64(0.24424801697665305), 'n_estimators': 819, 'num_leaves': 57, 'reg_alpha': np.float64(0.5812382214226123), 'reg_lambda': np.float64(0.1543627152742023), 'subsample': np.float64(0.792456040741927)}",-0.25583836768331125,-0.2744572178802534,-0.2876672900969656,-0.29613042962877656,-0.2701933123315165,-0.2768573235241647,0.014001957385609505,95,133.17761945724487
6.761709880828858,0.5309181944961855,0.03161120414733887,0.02775057465107912,0.8130357730206343,0.012773530523364036,7,19,0.21944124717526128,1149,63,0.20173046233023584,0.6845715478798333,0.6351472444970627,"{'colsample_bytree': np.float64(0.8130357730206343), 'learning_rate': np.float64(0.012773530523364036), 'max_depth': 7, 'min_child_samples': 19, 'min_split_gain': np.float64(0.21944124717526128), 'n_estimators': 1149, 'num_leaves': 63, 'reg_alpha': np.float64(0.20173046233023584), 'reg_lambda': np.float64(0.6845715478798333), 'subsample': np.float64(0.6351472444970627)}",-0.25391929741807073,-0.2692146351397268,-0.2805310165251953,-0.28302009381731824,-0.26295372183173116,-0.2699277529464085,0.01085591896984113,55,133.17761945724487
11.652260208129883,0.847442411935129,0.0337160587310791,0.009396641298050122,0.6555299093768081,0.005406634912149451,6,20,0.1892664804207569,1049,54,0.3488682665429953,0.9295291442478258,0.9322477631150916,"{'colsample_bytree': np.float64(0.6555299093768081), 'learning_rate': np.float64(0.005406634912149451), 'max_depth': 6, 'min_child_samples': 20, 'min_split_gain': np.float64(0.1892664804207569), 'n_estimators': 1049, 'num_leaves': 54, 'reg_alpha': np.float64(0.3488682665429953), 'reg_lambda': np.float64(0.9295291442478258), 'subsample': np.float64(0.9322477631150916)}",-0.2520527431905524,-0.2638337416275969,-0.28139289157504427,-0.27995690734868295,-0.259842722458016,-0.2674158012399785,0.01147906461867757,10,133.17761945724487
4.77489914894104,0.8254243726479401,0.009578418731689454,0.0027160714951702507,0.986010764266605,0.02364458352283171,8,18,0.08200072402129491,1494,54,0.9264494235897112,0.7215965507512772,0.6192378575856351,"{'colsample_bytree': np.float64(0.986010764266605), 'learning_rate': np.float64(0.02364458352283171), 'max_depth': 8, 'min_child_samples': 18, 'min_split_gain': np.float64(0.08200072402129491), 'n_estimators': 1494, 'num_leaves': 54, 'reg_alpha': np.float64(0.9264494235897112), 'reg_lambda': np.float64(0.7215965507512772), 'subsample': np.float64(0.6192378575856351)}",-0.25195559843073767,-0.26946766276663797,-0.28707304684514146,-0.28448552697982515,-0.2706878078350399,-0.27273392857147644,0.012572227199909521,80,133.17761945724487
0.9100264072418213,0.07721426626085595,0.0047739982604980465,0.0015303396096988872,0.912605792700566,0.12919113307662378,10,23,0.31981485236780627,790,56,0.8145747202313821,0.6651972206962001,0.8092261699076477,"{'colsample_bytree': np.float64(0.912605792700566), 'learning_rate': np.float64(0.12919113307662378), 'max_depth': 10, 'min_child_samples': 23, 'min_split_gain': np.float64(0.31981485236780627), 'n_estimators': 790, 'num_leaves': 56, 'reg_alpha': np.float64(0.8145747202313821), 'reg_lambda': np.float64(0.6651972206962001), 'subsample': np.float64(0.8092261699076477)}",-0.25776185964143894,-0.2739948281992197,-0.2840814387385076,-0.28109963077246386,-0.27019707796013676,-0.27342696706235337,0.009257837495858182,83,133.17761945724487
0.5443780422210693,0.038188679552231035,0.004824638366699219,0.0013198599905975476,0.743532193649401,0.13658008112196623,6,27,0.32663977578863085,794,33,0.8996674452921731,0.6241015441818376,0.8159124247658532,"{'colsample_bytree': np.float64(0.743532193649401), 'learning_rate': np.float64(0.13658008112196623), 'max_depth': 6, 'min_child_samples': 27, 'min_split_gain': np.float64(0.32663977578863085), 'n_estimators': 794, 'num_leaves': 33, 'reg_alpha': np.float64(0.8996674452921731), 'reg_lambda': np.float64(0.6241015441818376), 'subsample': np.float64(0.8159124247658532)}",-0.2498734390280313,-0.26502382571632943,-0.2826562130779232,-0.28789423276309817,-0.26004188345651896,-0.26909791880838024,0.01417969954142716,48,133.17761945724487
1.1258415699005127,0.1008484422158688,0.005929422378540039,0.0020363080942469394,0.7754978701553357,0.09162294063591886,6,42,0.15659284408060078,1461,97,0.06661911239081697,0.22902539092479635,0.8171397242453635,"{'colsample_bytree': np.float64(0.7754978701553357), 'learning_rate': np.float64(0.09162294063591886), 'max_depth': 6, 'min_child_samples': 42, 'min_split_gain': np.float64(0.15659284408060078), 'n_estimators': 1461, 'num_leaves': 97, 'reg_alpha': np.float64(0.06661911239081697), 'reg_lambda': np.float64(0.22902539092479635), 'subsample': np.float64(0.8171397242453635)}",-0.25325244186605056,-0.2655702017607792,-0.2803487251529282,-0.2798861967444413,-0.2644673735472976,-0.26870498781429936,0.010268023051302984,40,133.17761945724487
1.5008942127227782,0.10085284967586723,0.006005859375,0.0016925638003765246,0.772611257254577,0.05492236788687264,8,17,0.27748704296133536,999,34,0.8786291153734382,0.49542362640396564,0.8965843644556182,"{'colsample_bytree': np.float64(0.772611257254577), 'learning_rate': np.float64(0.05492236788687264), 'max_depth': 8, 'min_child_samples': 17, 'min_split_gain': np.float64(0.27748704296133536), 'n_estimators': 999, 'num_leaves': 34, 'reg_alpha': np.float64(0.8786291153734382), 'reg_lambda': np.float64(0.49542362640396564), 'subsample': np.float64(0.8965843644556182)}",-0.25352124597149467,-0.27181293805832035,-0.28197009226660763,-0.2821883762902041,-0.2659033806119025,-0.27107920663970586,0.010748344614432557,70,133.17761945724487
0.8318596839904785,0.14091741711286057,0.007357740402221679,0.0022015657552824377,0.8292603397029554,0.1546538923885765,6,42,0.28279218449738364,910,74,0.14312798554846962,0.20454459316946327,0.8856256328894456,"{'colsample_bytree': np.float64(0.8292603397029554), 'learning_rate': np.float64(0.1546538923885765), 'max_depth': 6, 'min_child_samples': 42, 'min_split_gain': np.float64(0.28279218449738364), 'n_estimators': 910, 'num_leaves': 74, 'reg_alpha': np.float64(0.14312798554846962), 'reg_lambda': np.float64(0.20454459316946327), 'subsample': np.float64(0.8856256328894456)}",-0.24935293257135566,-0.2635843463337823,-0.28201660018620256,-0.28149892129104226,-0.2643959969933297,-0.2681697594751425,0.01231861862438385,30,133.17761945724487
1.801988124847412,0.042984367222649054,0.006609153747558594,0.001834460492235519,0.797592594852345,0.11819529377901748,11,47,0.21459254059383792,1314,71,0.39728729056036727,0.7972953657795536,0.6599669709395095,"{'colsample_bytree': np.float64(0.797592594852345), 'learning_rate': np.float64(0.11819529377901748), 'max_depth': 11, 'min_child_samples': 47, 'min_split_gain': np.float64(0.21459254059383792), 'n_estimators': 1314, 'num_leaves': 71, 'reg_alpha': np.float64(0.39728729056036727), 'reg_lambda': np.float64(0.7972953657795536), 'subsample': np.float64(0.6599669709395095)}",-0.24910445221258168,-0.2683703816488745,-0.28078287617402115,-0.2867884880515297,-0.2592331753687555,-0.2688558746911525,0.013760688369231253,43,133.17761945724487
1.0623286724090577,0.15906367868029822,0.006608009338378906,0.0011963429221429043,0.6917005580930566,0.11333788525895995,7,36,0.25645905315411893,1254,55,0.5427244433475962,0.25179905890695276,0.7382783974015678,"{'colsample_bytree': np.float64(0.6917005580930566), 'learning_rate': np.float64(0.11333788525895995), 'max_depth': 7, 'min_child_samples': 36, 'min_split_gain': np.float64(0.25645905315411893), 'n_estimators': 1254, 'num_leaves': 55, 'reg_alpha': np.float64(0.5427244433475962), 'reg_lambda': np.float64(0.25179905890695276), 'subsample': np.float64(0.7382783974015678)}",-0.25208299591856637,-0.26775817952139425,-0.2811447565312758,-0.2906570807088432,-0.264802772826896,-0.2712891571013951,0.01338407199617475,73,133.17761945724487
1.0405272483825683,0.04182569641764789,0.005705928802490235,0.0011251622264323974,0.6726390867205703,0.14126758420004426,11,15,0.16034056670545596,1314,65,0.6149502631526544,0.9118524088429647,0.6556464776572247,"{'colsample_bytree': np.float64(0.6726390867205703), 'learning_rate': np.float64(0.14126758420004426), 'max_depth': 11, 'min_child_samples': 15, 'min_split_gain': np.float64(0.16034056670545596), 'n_estimators': 1314, 'num_leaves': 65, 'reg_alpha': np.float64(0.6149502631526544), 'reg_lambda': np.float64(0.9118524088429647), 'subsample': np.float64(0.6556464776572247)}",-0.2654010134594707,-0.277895982931803,-0.2876786031590648,-0.28959937961151555,-0.26830133105353776,-0.27777526204307834,0.009805895078658356,99,133.17761945724487
1.9929880619049072,0.2644073372323172,0.008600473403930664,0.0008542547204653534,0.6403178412063546,0.04340232977804933,9,21,0.04088506569007984,823,24,0.9224993811772957,0.7072386343133986,0.6610156171657046,"{'colsample_bytree': np.float64(0.6403178412063546), 'learning_rate': np.float64(0.04340232977804933), 'max_depth': 9, 'min_child_samples': 21, 'min_split_gain': np.float64(0.04088506569007984), 'n_estimators': 823, 'num_leaves': 24, 'reg_alpha': np.float64(0.9224993811772957), 'reg_lambda': np.float64(0.7072386343133986), 'subsample': np.float64(0.6610156171657046)}",-0.2547748818184317,-0.26499431612932856,-0.2795026837383159,-0.2787763957979139,-0.26189780639957927,-0.26798921677671383,0.009691403524478476,25,133.17761945724487
1.3881925582885741,0.2296519153558988,0.006252670288085937,0.0024435568144244345,0.8305153440667252,0.09600725695742839,11,38,0.041698786420723805,796,30,0.4508393714041321,0.11323804584075525,0.9939364795849338,"{'colsample_bytree': np.float64(0.8305153440667252), 'learning_rate': np.float64(0.09600725695742839), 'max_depth': 11, 'min_child_samples': 38, 'min_split_gain': np.float64(0.041698786420723805), 'n_estimators': 796, 'num_leaves': 30, 'reg_alpha': np.float64(0.4508393714041321), 'reg_lambda': np.float64(0.11323804584075525), 'subsample': np.float64(0.9939364795849338)}",-0.25840124217311966,-0.26738778453225,-0.28528086877536213,-0.2742020529483273,-0.263683655842774,-0.26979112085436663,0.009297258771402184,54,133.17761945724487
3.314491844177246,0.07337389337368086,0.009686565399169922,0.003415004889930056,0.9355592345783736,0.023699402180490027,6,10,0.34795854482485133,1066,59,0.6078943937942587,0.37930569838554884,0.8976998607373154,"{'colsample_bytree': np.float64(0.9355592345783736), 'learning_rate': np.float64(0.023699402180490027), 'max_depth': 6, 'min_child_samples': 10, 'min_split_gain': np.float64(0.34795854482485133), 'n_estimators': 1066, 'num_leaves': 59, 'reg_alpha': np.float64(0.6078943937942587), 'reg_lambda': np.float64(0.37930569838554884), 'subsample': np.float64(0.8976998607373154)}",-0.25236975810549506,-0.26664632603741434,-0.28784270160485104,-0.2809098599082619,-0.2626053675465173,-0.270074802640508,0.012760189763719823,59,133.17761945724487
0.8710911273956299,0.0201991141592401,0.004227542877197265,0.0007610861889304908,0.682231923350255,0.12316848330717386,7,44,0.15926747743637734,1036,94,0.9229602317984849,0.4657001223188132,0.7923347912356294,"{'colsample_bytree': np.float64(0.682231923350255), 'learning_rate': np.float64(0.12316848330717386), 'max_depth': 7, 'min_child_samples': 44, 'min_split_gain': np.float64(0.15926747743637734), 'n_estimators': 1036, 'num_leaves': 94, 'reg_alpha': np.float64(0.9229602317984849), 'reg_lambda': np.float64(0.4657001223188132), 'subsample': np.float64(0.7923347912356294)}",-0.2548903465151732,-0.26699578745764796,-0.28403105768309644,-0.2871486775058771,-0.2617748380558611,-0.27096814144353115,0.01257967758785586,68,133.17761945724487
1.344660711288452,0.08344790645323259,0.00665578842163086,0.0007695721356626123,0.9673818899757205,0.09306023362048509,8,33,0.2310527816366189,679,89,0.033879160246594986,0.3114731711327574,0.9121982830184351,"{'colsample_bytree': np.float64(0.9673818899757205), 'learning_rate': np.float64(0.09306023362048509), 'max_depth': 8, 'min_child_samples': 33, 'min_split_gain': np.float64(0.2310527816366189), 'n_estimators': 679, 'num_leaves': 89, 'reg_alpha': np.float64(0.033879160246594986), 'reg_lambda': np.float64(0.3114731711327574), 'subsample': np.float64(0.9121982830184351)}",-0.25322671385484236,-0.26475642879774053,-0.2854820740585285,-0.2821256773603508,-0.26693565702024635,-0.27050531021834173,0.011863206492979462,65,133.17761945724487
2.3803951263427736,0.26128893549081195,0.009660005569458008,0.001961514867263958,0.7110348690517673,0.038014582112164554,7,30,0.20606947296272504,1348,68,0.5573053688900479,0.860632017890734,0.8140278875734634,"{'colsample_bytree': np.float64(0.7110348690517673), 'learning_rate': np.float64(0.038014582112164554), 'max_depth': 7, 'min_child_samples': 30, 'min_split_gain': np.float64(0.20606947296272504), 'n_estimators': 1348, 'num_leaves': 68, 'reg_alpha': np.float64(0.5573053688900479), 'reg_lambda': np.float64(0.860632017890734), 'subsample': np.float64(0.8140278875734634)}",-0.24957222074283356,-0.26759254769612373,-0.27874512500769605,-0.28296088601128305,-0.2619574860385892,-0.2681656530993051,0.011961685981764487,29,133.17761945724487
1.6875557899475098,0.06477188155777516,0.007155513763427735,0.0028505403192170646,0.6737851485675425,0.049939386764971554,10,39,0.29998418815967115,1390,75,0.8980542894407137,0.20513964048200717,0.6762750882654667,"{'colsample_bytree': np.float64(0.6737851485675425), 'learning_rate': np.float64(0.049939386764971554), 'max_depth': 10, 'min_child_samples': 39, 'min_split_gain': np.float64(0.29998418815967115), 'n_estimators': 1390, 'num_leaves': 75, 'reg_alpha': np.float64(0.8980542894407137), 'reg_lambda': np.float64(0.20513964048200717), 'subsample': np.float64(0.6762750882654667)}",-0.25278014933888043,-0.26801431746636845,-0.27898073219310776,-0.28006330364489546,-0.26268044375201494,-0.2685037892790534,0.010244730293661783,37,133.17761945724487
1.7670983791351318,0.2483622377574637,0.00623617172241211,0.0019636386142322113,0.6146198671392379,0.07581004176649989,8,27,0.11761787168838862,870,66,0.5276477301447858,0.5344558912572469,0.7924351793550344,"{'colsample_bytree': np.float64(0.6146198671392379), 'learning_rate': np.float64(0.07581004176649989), 'max_depth': 8, 'min_child_samples': 27, 'min_split_gain': np.float64(0.11761787168838862), 'n_estimators': 870, 'num_leaves': 66, 'reg_alpha': np.float64(0.5276477301447858), 'reg_lambda': np.float64(0.5344558912572469), 'subsample': np.float64(0.7924351793550344)}",-0.2559931291796845,-0.2691511953453713,-0.28298965682763383,-0.28410476287851055,-0.26356465850415456,-0.27116068054707093,0.010947749936711515,72,133.17761945724487
0.8897155284881592,0.07579667782397005,0.004362344741821289,0.0010570228590369222,0.7988047795284996,0.1198034421599361,9,10,0.13374512452419288,554,22,0.37330931627975295,0.27074467314355377,0.8575998172956063,"{'colsample_bytree': np.float64(0.7988047795284996), 'learning_rate': np.float64(0.1198034421599361), 'max_depth': 9, 'min_child_samples': 10, 'min_split_gain': np.float64(0.13374512452419288), 'n_estimators': 554, 'num_leaves': 22, 'reg_alpha': np.float64(0.37330931627975295), 'reg_lambda': np.float64(0.27074467314355377), 'subsample': np.float64(0.8575998172956063)}",-0.2605879688335665,-0.26417982351154085,-0.2837348080475796,-0.2840974014875921,-0.2665970445468054,-0.2718394092854169,0.010044953350424159,79,133.17761945724487
3.591075325012207,0.3279732362773461,0.018162298202514648,0.006640485157703795,0.7634936684392386,0.008807953349051729,9,41,0.286388891538959,848,27,0.02709599250348349,0.22197216193294944,0.6924299186352285,"{'colsample_bytree': np.float64(0.7634936684392386), 'learning_rate': np.float64(0.008807953349051729), 'max_depth': 9, 'min_child_samples': 41, 'min_split_gain': np.float64(0.286388891538959), 'n_estimators': 848, 'num_leaves': 27, 'reg_alpha': np.float64(0.02709599250348349), 'reg_lambda': np.float64(0.22197216193294944), 'subsample': np.float64(0.6924299186352285)}",-0.25015850651824373,-0.26543415211968807,-0.276505526233609,-0.27699756088818944,-0.2595476834963815,-0.26572868585122233,0.010235720374423036,1,133.17761945724487
