mean_fit_time,std_fit_time,mean_score_time,std_score_time,param_max_depth,param_max_features,param_max_leaf_nodes,param_min_samples_leaf,param_min_samples_split,param_n_estimators,params,split0_test_score,split1_test_score,split2_test_score,split3_test_score,split4_test_score,mean_test_score,std_test_score,rank_test_score,total_hpo_search_time_s,final_model_training_time_s
29.205568504333495,0.20254135620574934,2.3982123851776125,0.11786838965762544,9,1.0,24,8,8,621,"{'max_depth': 9, 'max_features': 1.0, 'max_leaf_nodes': 24, 'min_samples_leaf': 8, 'min_samples_split': 8, 'n_estimators': 621}",-0.28456369450928864,-0.2664815478274515,-0.29318015702714534,-0.2999683911707303,-0.2876301050451057,-0.2863647791159443,0.011240066538492079,65,2472.2187995910645,9.684081792831421
53.506471824646,1.0455816701026515,3.2652448177337647,0.061978307851599156,8,0.5,84,8,5,1371,"{'max_depth': 8, 'max_features': 0.5, 'max_leaf_nodes': 84, 'min_samples_leaf': 8, 'min_samples_split': 5, 'n_estimators': 1371}",-0.26748681237364874,-0.25317932287519196,-0.27694643603863517,-0.2822791027989395,-0.269231065373443,-0.26982454789197163,0.009886536030551032,2,2472.2187995910645,9.684081792831421
42.56016030311584,3.7706566369601786,2.1030248641967773,0.40822114421437083,8,1.0,11,8,13,913,"{'max_depth': 8, 'max_features': 1.0, 'max_leaf_nodes': 11, 'min_samples_leaf': 8, 'min_samples_split': 13, 'n_estimators': 913}",-0.3031549539196728,-0.28172766440616875,-0.3183362001422751,-0.32493803884424555,-0.31637918984166225,-0.3089072094308049,0.015320182505385726,91,2472.2187995910645,9.684081792831421
14.583557558059692,2.967205405380651,1.9239341259002685,0.27074022848158763,11,log2,73,5,2,959,"{'max_depth': 11, 'max_features': 'log2', 'max_leaf_nodes': 73, 'min_samples_leaf': 5, 'min_samples_split': 2, 'n_estimators': 959}",-0.2801988034008707,-0.25926177746160867,-0.288516453835293,-0.29792062386334195,-0.2852157047420231,-0.2822226726606275,0.012855305127444903,58,2472.2187995910645,9.684081792831421
70.47116780281067,1.8423173051407316,3.5163759708404543,0.41488663781038965,7,1.0,98,1,11,975,"{'max_depth': 7, 'max_features': 1.0, 'max_leaf_nodes': 98, 'min_samples_leaf': 1, 'min_samples_split': 11, 'n_estimators': 975}",-0.27463968026453534,-0.25973439216914185,-0.2794965830770142,-0.2867565023611138,-0.2700035144155655,-0.27412613445747414,0.009085701768780204,29,2472.2187995910645,9.684081792831421
41.705578088760376,2.7034735313003746,3.641927433013916,0.35063856109171365,9,0.5,64,4,4,984,"{'max_depth': 9, 'max_features': 0.5, 'max_leaf_nodes': 64, 'min_samples_leaf': 4, 'min_samples_split': 4, 'n_estimators': 984}",-0.2711696432066049,-0.2567320463907766,-0.2805079782909864,-0.28391951025049356,-0.2730165720372061,-0.2730691500352135,0.009418899391617845,23,2472.2187995910645,9.684081792831421
61.442820930480956,1.2076954895017091,2.8765672206878663,0.692535400292188,8,1.0,82,7,19,887,"{'max_depth': 8, 'max_features': 1.0, 'max_leaf_nodes': 82, 'min_samples_leaf': 7, 'min_samples_split': 19, 'n_estimators': 887}",-0.27212174866654676,-0.25717469711418983,-0.2768457491411258,-0.28562938600349935,-0.26905482335644754,-0.2721652808563618,0.009355034501478347,13,2472.2187995910645,9.684081792831421
35.09794988632202,4.107976019828552,2.4123927116394044,1.123994309703809,6,0.7,23,2,10,845,"{'max_depth': 6, 'max_features': 0.7, 'max_leaf_nodes': 23, 'min_samples_leaf': 2, 'min_samples_split': 10, 'n_estimators': 845}",-0.28302595338993286,-0.2661309497192819,-0.2925602360564718,-0.2970379553317635,-0.2871788860183091,-0.28518679610315184,0.01064500386729957,62,2472.2187995910645,9.684081792831421
12.583743047714233,0.865158726098267,1.5601392269134522,0.45897455380392876,10,log2,93,7,13,1008,"{'max_depth': 10, 'max_features': 'log2', 'max_leaf_nodes': 93, 'min_samples_leaf': 7, 'min_samples_split': 13, 'n_estimators': 1008}",-0.2765029567569355,-0.25706571457398536,-0.28545327858522496,-0.29535823996458777,-0.2821560537043305,-0.2793072487170128,0.012697035775796332,51,2472.2187995910645,9.684081792831421
9.010374498367309,0.6228199071479283,1.3580313205718995,0.44461685586601346,8,sqrt,45,2,9,887,"{'max_depth': 8, 'max_features': 'sqrt', 'max_leaf_nodes': 45, 'min_samples_leaf': 2, 'min_samples_split': 9, 'n_estimators': 887}",-0.2824080081040287,-0.264384802224763,-0.29089658681055486,-0.3005904505998468,-0.28886772634813546,-0.28542951481746576,0.012029742968438997,63,2472.2187995910645,9.684081792831421
8.938027000427246,1.2700118160923837,1.2663055419921876,1.1045743902087681,7,log2,13,6,19,1229,"{'max_depth': 7, 'max_features': 'log2', 'max_leaf_nodes': 13, 'min_samples_leaf': 6, 'min_samples_split': 19, 'n_estimators': 1229}",-0.34977880259840677,-0.33883037894205015,-0.3630314332048987,-0.37147897192865365,-0.3697626208045315,-0.3585764414957081,0.012480050374669758,99,2472.2187995910645,9.684081792831421
15.654129648208619,1.1700236160765811,2.779580020904541,0.33824777987638976,9,log2,83,4,15,1362,"{'max_depth': 9, 'max_features': 'log2', 'max_leaf_nodes': 83, 'min_samples_leaf': 4, 'min_samples_split': 15, 'n_estimators': 1362}",-0.27892680285696697,-0.25886824939496,-0.288150664798232,-0.29635055562766066,-0.2844795260282611,-0.28135515974121617,0.012588570256741547,54,2472.2187995910645,9.684081792831421
59.810211181640625,1.5455766596848688,3.5853339195251466,0.8788735870559112,11,0.7,71,8,17,1248,"{'max_depth': 11, 'max_features': 0.7, 'max_leaf_nodes': 71, 'min_samples_leaf': 8, 'min_samples_split': 17, 'n_estimators': 1248}",-0.2702463330360756,-0.25651276158884695,-0.27790403181543677,-0.2832393188841819,-0.2688023191339493,-0.2713409528916981,0.009079242584583511,4,2472.2187995910645,9.684081792831421
33.904445266723634,2.6380591225606427,3.4610105991363525,0.24367959131273,7,1.0,33,9,14,540,"{'max_depth': 7, 'max_features': 1.0, 'max_leaf_nodes': 33, 'min_samples_leaf': 9, 'min_samples_split': 14, 'n_estimators': 540}",-0.2795061844949018,-0.2636473622492193,-0.2860750946706816,-0.2938629604074624,-0.27907860491201614,-0.28043404134685623,0.009966424345091918,53,2472.2187995910645,9.684081792831421
73.23091607093811,0.7394683005567998,2.2570126056671143,0.6141466528832653,10,1.0,74,9,8,1020,"{'max_depth': 10, 'max_features': 1.0, 'max_leaf_nodes': 74, 'min_samples_leaf': 9, 'min_samples_split': 8, 'n_estimators': 1020}",-0.2720836845730005,-0.2580418832402501,-0.27783919917849187,-0.2867414220838932,-0.2692275684726511,-0.2727867515096573,0.009495612519182321,20,2472.2187995910645,9.684081792831421
41.88529300689697,2.8824603794432697,2.699852228164673,1.7857752542659284,6,0.7,17,8,12,998,"{'max_depth': 6, 'max_features': 0.7, 'max_leaf_nodes': 17, 'min_samples_leaf': 8, 'min_samples_split': 12, 'n_estimators': 998}",-0.28852269126522123,-0.26922065602136447,-0.2989963354295521,-0.30358054175205496,-0.2954774479937265,-0.29115953449238385,0.012021718496533447,75,2472.2187995910645,9.684081792831421
35.56437435150146,1.901592641386225,1.2524489879608154,0.26444040532119806,6,0.5,44,1,6,989,"{'max_depth': 6, 'max_features': 0.5, 'max_leaf_nodes': 44, 'min_samples_leaf': 1, 'min_samples_split': 6, 'n_estimators': 989}",-0.2745055255816674,-0.25753669044705824,-0.2823448259102297,-0.287329130798532,-0.27616399033967204,-0.27557603261543184,0.01010803071851078,38,2472.2187995910645,9.684081792831421
15.030021238327027,1.5427420262621683,1.4901866436004638,0.23122885536235524,7,sqrt,37,7,10,1339,"{'max_depth': 7, 'max_features': 'sqrt', 'max_leaf_nodes': 37, 'min_samples_leaf': 7, 'min_samples_split': 10, 'n_estimators': 1339}",-0.28805687247836265,-0.2693368947158916,-0.29535428232726674,-0.3046198987686607,-0.29422077741667413,-0.29031774514137115,0.011751251813489837,72,2472.2187995910645,9.684081792831421
6.94886212348938,0.5567802432288148,1.2582266807556153,0.3381276325210937,9,log2,42,7,6,598,"{'max_depth': 9, 'max_features': 'log2', 'max_leaf_nodes': 42, 'min_samples_leaf': 7, 'min_samples_split': 6, 'n_estimators': 598}",-0.2920924510066111,-0.27103229444135085,-0.29933967396493416,-0.3097082573162663,-0.2973196507388656,-0.29389846549360554,0.012785806525244454,81,2472.2187995910645,9.684081792831421
39.84832181930542,0.9334121317875742,1.5470614433288574,0.8035393607762361,9,0.5,44,1,4,1112,"{'max_depth': 9, 'max_features': 0.5, 'max_leaf_nodes': 44, 'min_samples_leaf': 1, 'min_samples_split': 4, 'n_estimators': 1112}",-0.2749631357453226,-0.2603724009171696,-0.2840323999404284,-0.287545079019182,-0.2778452114427749,-0.27695164541297557,0.009401934899230269,42,2472.2187995910645,9.684081792831421
34.00594115257263,5.926153213751232,2.635084056854248,1.6392812330959108,11,0.5,10,5,15,1370,"{'max_depth': 11, 'max_features': 0.5, 'max_leaf_nodes': 10, 'min_samples_leaf': 5, 'min_samples_split': 15, 'n_estimators': 1370}",-0.30676859426085107,-0.28594656386884665,-0.3137910111569278,-0.31668839779305413,-0.3149878545855732,-0.3076364843330506,0.011358378979623876,90,2472.2187995910645,9.684081792831421
11.541304779052734,0.8123992467429522,2.8322517395019533,0.10915636862694278,8,sqrt,88,3,8,740,"{'max_depth': 8, 'max_features': 'sqrt', 'max_leaf_nodes': 88, 'min_samples_leaf': 3, 'min_samples_split': 8, 'n_estimators': 740}",-0.27457934100134096,-0.2553491289293683,-0.2843348153792825,-0.2925229063421427,-0.2805600319409108,-0.277469244718609,0.012497622337473566,45,2472.2187995910645,9.684081792831421
62.65271706581116,2.2024005828712983,3.553582763671875,0.7090220516806515,9,1.0,13,5,8,1248,"{'max_depth': 9, 'max_features': 1.0, 'max_leaf_nodes': 13, 'min_samples_leaf': 5, 'min_samples_split': 8, 'n_estimators': 1248}",-0.2981345592368328,-0.2768636781528372,-0.3117407365265049,-0.318836488778303,-0.30834452998863615,-0.3027839985366228,0.014576044751632653,86,2472.2187995910645,9.684081792831421
71.71953544616699,2.9086225024580408,3.7193652629852294,0.9500595196411669,8,1.0,45,7,3,1181,"{'max_depth': 8, 'max_features': 1.0, 'max_leaf_nodes': 45, 'min_samples_leaf': 7, 'min_samples_split': 3, 'n_estimators': 1181}",-0.27601078985424826,-0.2622459569327763,-0.28323675736949033,-0.29025364314398455,-0.2744915047620695,-0.27724773041251377,0.009372323289219478,43,2472.2187995910645,9.684081792831421
14.904668855667115,1.0597471001639476,3.04394474029541,0.7265287793200305,10,sqrt,15,4,12,1139,"{'max_depth': 10, 'max_features': 'sqrt', 'max_leaf_nodes': 15, 'min_samples_leaf': 4, 'min_samples_split': 12, 'n_estimators': 1139}",-0.32061675697483977,-0.3030348571507148,-0.32742369553467066,-0.33665868247128633,-0.3335007304192974,-0.3242469445101618,0.011940740777907142,94,2472.2187995910645,9.684081792831421
46.55702667236328,0.9437535971741515,3.059959363937378,0.1735586880465308,7,0.7,98,7,2,884,"{'max_depth': 7, 'max_features': 0.7, 'max_leaf_nodes': 98, 'min_samples_leaf': 7, 'min_samples_split': 2, 'n_estimators': 884}",-0.26958864270341215,-0.25503612941618825,-0.27619439183743927,-0.28314763536377785,-0.2680489319202638,-0.27040314624821626,0.009362814488535272,3,2472.2187995910645,9.684081792831421
43.2532799243927,0.7683744149657653,2.8901132106781007,0.511959782212789,6,0.5,71,9,14,1244,"{'max_depth': 6, 'max_features': 0.5, 'max_leaf_nodes': 71, 'min_samples_leaf': 9, 'min_samples_split': 14, 'n_estimators': 1244}",-0.27078272356500405,-0.25412069056844777,-0.27943605958744083,-0.2848109708910013,-0.27303793933996295,-0.2724376767903714,0.010398912810825337,17,2472.2187995910645,9.684081792831421
38.766134357452394,1.1062927218497725,3.1762821674346924,0.6033993946721293,8,0.5,18,5,2,1318,"{'max_depth': 8, 'max_features': 0.5, 'max_leaf_nodes': 18, 'min_samples_leaf': 5, 'min_samples_split': 2, 'n_estimators': 1318}",-0.2869178745620983,-0.2678745480937369,-0.29614147368195437,-0.30005468921422507,-0.2927033093633876,-0.2887383789830804,0.011288924102983669,70,2472.2187995910645,9.684081792831421
46.69571099281311,0.49256512392503554,1.699055290222168,0.7903245769089728,7,0.7,33,6,10,1191,"{'max_depth': 7, 'max_features': 0.7, 'max_leaf_nodes': 33, 'min_samples_leaf': 6, 'min_samples_split': 10, 'n_estimators': 1191}",-0.27738177165617317,-0.26232876084623014,-0.28683022445095857,-0.2901942929928324,-0.2785625869138092,-0.2790595273720006,0.009667958431071206,50,2472.2187995910645,9.684081792831421
16.74750714302063,1.0054618577806056,2.1827646255493165,0.9070009785617813,6,sqrt,67,4,13,1009,"{'max_depth': 6, 'max_features': 'sqrt', 'max_leaf_nodes': 67, 'min_samples_leaf': 4, 'min_samples_split': 13, 'n_estimators': 1009}",-0.28931389328055257,-0.26843626201210746,-0.2958066827037287,-0.3061260468233896,-0.296347182614283,-0.2912060134868123,0.012587667560752292,76,2472.2187995910645,9.684081792831421
18.491336059570312,0.9188826874607465,2.2108014583587647,0.41016715553930005,7,0.5,65,1,18,501,"{'max_depth': 7, 'max_features': 0.5, 'max_leaf_nodes': 65, 'min_samples_leaf': 1, 'min_samples_split': 18, 'n_estimators': 501}",-0.27207081778508835,-0.2551299740976785,-0.27798751406440453,-0.2840195565626698,-0.27227307774405046,-0.2722961880507783,0.009639074523889934,15,2472.2187995910645,9.684081792831421
51.88125915527344,1.2858659957048622,3.743888521194458,0.8075019568594747,7,0.7,63,7,6,1235,"{'max_depth': 7, 'max_features': 0.7, 'max_leaf_nodes': 63, 'min_samples_leaf': 7, 'min_samples_split': 6, 'n_estimators': 1235}",-0.27162648327988187,-0.25734094551199693,-0.2789188341815136,-0.28413425135327736,-0.27018721387573463,-0.2724415456404809,0.00908239061401166,18,2472.2187995910645,9.684081792831421
17.612178134918214,1.4767353115083373,3.179808807373047,0.5853309042098993,6,sqrt,28,2,13,1229,"{'max_depth': 6, 'max_features': 'sqrt', 'max_leaf_nodes': 28, 'min_samples_leaf': 2, 'min_samples_split': 13, 'n_estimators': 1229}",-0.29771073189682395,-0.2783467403787569,-0.30486890811141987,-0.31384626247903097,-0.30644520468810765,-0.30024356951082787,0.012089447335982132,85,2472.2187995910645,9.684081792831421
64.49605789184571,1.4123745488191646,4.090734815597534,0.48971080430905817,11,0.7,64,8,18,1266,"{'max_depth': 11, 'max_features': 0.7, 'max_leaf_nodes': 64, 'min_samples_leaf': 8, 'min_samples_split': 18, 'n_estimators': 1266}",-0.2707319899841373,-0.257000500200455,-0.27842628740321435,-0.2835139873564965,-0.2696516036674111,-0.27186487372234286,0.00900983449405705,11,2472.2187995910645,9.684081792831421
69.30629849433899,2.5114870627010473,3.4979384422302244,0.9816416629909092,11,1.0,79,6,12,1010,"{'max_depth': 11, 'max_features': 1.0, 'max_leaf_nodes': 79, 'min_samples_leaf': 6, 'min_samples_split': 12, 'n_estimators': 1010}",-0.27343090051980357,-0.2588405986860282,-0.2792142007950628,-0.2867842457448933,-0.269396651269823,-0.27353331940312214,0.009389973559574882,24,2472.2187995910645,9.684081792831421
12.478095483779907,0.799095568498593,2.9710205078125,0.37453072172514557,6,sqrt,68,6,17,848,"{'max_depth': 6, 'max_features': 'sqrt', 'max_leaf_nodes': 68, 'min_samples_leaf': 6, 'min_samples_split': 17, 'n_estimators': 848}",-0.28931546275003023,-0.26898535602930085,-0.2957623565252198,-0.3073951977936036,-0.2966716567041051,-0.2916260059604519,0.01272142317293531,78,2472.2187995910645,9.684081792831421
50.58373975753784,0.651538411222608,2.773879957199097,0.4131754177932939,8,0.7,68,4,4,1010,"{'max_depth': 8, 'max_features': 0.7, 'max_leaf_nodes': 68, 'min_samples_leaf': 4, 'min_samples_split': 4, 'n_estimators': 1010}",-0.2721107582786217,-0.25815782424453104,-0.279710599537424,-0.28442321772560625,-0.2702673858011836,-0.27293395711747337,0.008989419930134104,21,2472.2187995910645,9.684081792831421
62.851276350021365,4.110847022606242,3.8742957592010496,0.656518373598985,8,0.7,80,4,10,1428,"{'max_depth': 8, 'max_features': 0.7, 'max_leaf_nodes': 80, 'min_samples_leaf': 4, 'min_samples_split': 10, 'n_estimators': 1428}",-0.2716387424712484,-0.2566340755424606,-0.2786958625838147,-0.28314268082697447,-0.2688505726827455,-0.27179238682144874,0.009109768706802268,9,2472.2187995910645,9.684081792831421
10.735497856140137,0.5905387822530649,3.0749099254608154,0.3781089731940338,7,sqrt,20,9,19,650,"{'max_depth': 7, 'max_features': 'sqrt', 'max_leaf_nodes': 20, 'min_samples_leaf': 9, 'min_samples_split': 19, 'n_estimators': 650}",-0.30660553559024967,-0.2891433190640356,-0.31244701018262516,-0.32287907118861586,-0.3152288925157478,-0.3092607657082548,0.011340113245111548,92,2472.2187995910645,9.684081792831421
7.3672853946685795,0.5514661053121463,2.711768388748169,0.15654462397063568,11,log2,16,9,18,501,"{'max_depth': 11, 'max_features': 'log2', 'max_leaf_nodes': 16, 'min_samples_leaf': 9, 'min_samples_split': 18, 'n_estimators': 501}",-0.33659314925935113,-0.31938136079487994,-0.34448415126705284,-0.3561460613093174,-0.3477901609672771,-0.34087897671957573,0.012444769427822515,96,2472.2187995910645,9.684081792831421
32.51728730201721,0.542337497862364,2.9338623046875,0.49766827001557,6,0.7,78,5,10,732,"{'max_depth': 6, 'max_features': 0.7, 'max_leaf_nodes': 78, 'min_samples_leaf': 5, 'min_samples_split': 10, 'n_estimators': 732}",-0.273038429009136,-0.2572045636601332,-0.2799502335830955,-0.28619077343122706,-0.27141258673594637,-0.2735593172839076,0.009723736301233039,25,2472.2187995910645,9.684081792831421
50.296569681167604,0.7618449816460432,3.2640191078186036,0.2599690056764772,8,0.5,57,3,2,1419,"{'max_depth': 8, 'max_features': 0.5, 'max_leaf_nodes': 57, 'min_samples_leaf': 3, 'min_samples_split': 2, 'n_estimators': 1419}",-0.27131408957873293,-0.25788131237407386,-0.2813962146013731,-0.284258201251504,-0.2734911948532791,-0.2736682025317926,0.009237633071268455,27,2472.2187995910645,9.684081792831421
25.057478618621825,1.46715809725687,2.9279267311096193,0.4812694434761678,9,0.5,81,4,7,603,"{'max_depth': 9, 'max_features': 0.5, 'max_leaf_nodes': 81, 'min_samples_leaf': 4, 'min_samples_split': 7, 'n_estimators': 603}",-0.2709530815534143,-0.25535705089886646,-0.27820619230995747,-0.28299012562293957,-0.27136777494025505,-0.2717748450650866,0.00935446109634843,8,2472.2187995910645,9.684081792831421
51.88845310211182,1.7640926689361525,2.5046108245849608,0.6830814110041377,9,0.5,98,3,19,1395,"{'max_depth': 9, 'max_features': 0.5, 'max_leaf_nodes': 98, 'min_samples_leaf': 3, 'min_samples_split': 19, 'n_estimators': 1395}",-0.26824839520642,-0.2530166797816645,-0.2760003667597446,-0.2815300978779334,-0.26785468515504374,-0.26933004495616125,0.009620883746286037,1,2472.2187995910645,9.684081792831421
18.67784924507141,1.3685502583828373,2.5140525341033935,1.076305087175416,11,log2,75,6,4,1219,"{'max_depth': 11, 'max_features': 'log2', 'max_leaf_nodes': 75, 'min_samples_leaf': 6, 'min_samples_split': 4, 'n_estimators': 1219}",-0.2794668054307093,-0.2599350144176731,-0.2885545899006188,-0.2976321273582244,-0.2850013834226831,-0.2821179841059817,0.012566188118811975,57,2472.2187995910645,9.684081792831421
10.969078207015992,2.3900469195213145,2.3423008918762207,0.5825301844618783,10,sqrt,42,4,2,897,"{'max_depth': 10, 'max_features': 'sqrt', 'max_leaf_nodes': 42, 'min_samples_leaf': 4, 'min_samples_split': 2, 'n_estimators': 897}",-0.2839072324115804,-0.26567917240733235,-0.29142242736290697,-0.3007279209794549,-0.29063914848998074,-0.2864751803302511,0.011696348165935682,66,2472.2187995910645,9.684081792831421
30.610506439208983,0.7630764246547863,3.3027766704559327,0.26685186560294655,10,0.7,17,7,4,900,"{'max_depth': 10, 'max_features': 0.7, 'max_leaf_nodes': 17, 'min_samples_leaf': 7, 'min_samples_split': 4, 'n_estimators': 900}",-0.28841827117445357,-0.2691690465745811,-0.29901617788138574,-0.3038332521431349,-0.2958004120627408,-0.2912474319672592,0.012123903353844096,77,2472.2187995910645,9.684081792831421
55.79711985588074,2.9012219057422897,3.6852606773376464,0.12021660810972076,6,0.7,68,3,15,1169,"{'max_depth': 6, 'max_features': 0.7, 'max_leaf_nodes': 68, 'min_samples_leaf': 3, 'min_samples_split': 15, 'n_estimators': 1169}",-0.27304967818884196,-0.2574527398554757,-0.27997310342710063,-0.28579277775826334,-0.2715589538799093,-0.27356545062191817,0.009533908348546371,26,2472.2187995910645,9.684081792831421
56.71494450569153,1.4310800912446904,1.8519218921661378,0.7931092487535818,11,1.0,60,6,9,782,"{'max_depth': 11, 'max_features': 1.0, 'max_leaf_nodes': 60, 'min_samples_leaf': 6, 'min_samples_split': 9, 'n_estimators': 782}",-0.2742283228613855,-0.26008051239298335,-0.28066833080714754,-0.28858645427608337,-0.27178082942916815,-0.2750688899533536,0.009489442976627132,33,2472.2187995910645,9.684081792831421
22.517650604248047,0.6023503376958824,2.7360212802886963,0.6851297048765042,8,log2,30,1,16,1459,"{'max_depth': 8, 'max_features': 'log2', 'max_leaf_nodes': 30, 'min_samples_leaf': 1, 'min_samples_split': 16, 'n_estimators': 1459}",-0.3012342712789553,-0.28224683173528614,-0.3090359165227814,-0.3196767865143314,-0.31012494199196494,-0.30446374960866385,0.012557159483409991,88,2472.2187995910645,9.684081792831421
64.68876204490661,1.8896800427538216,2.6210744380950928,0.12233332146850696,6,1.0,70,3,5,1046,"{'max_depth': 6, 'max_features': 1.0, 'max_leaf_nodes': 70, 'min_samples_leaf': 3, 'min_samples_split': 5, 'n_estimators': 1046}",-0.27574805433002747,-0.2599822802691019,-0.2820817473233575,-0.2895049378103217,-0.27179982502773387,-0.27582336895210846,0.009934659480085843,40,2472.2187995910645,9.684081792831421
12.29312891960144,0.7827807010484357,2.457084560394287,0.0916509833037455,6,sqrt,53,5,7,598,"{'max_depth': 6, 'max_features': 'sqrt', 'max_leaf_nodes': 53, 'min_samples_leaf': 5, 'min_samples_split': 7, 'n_estimators': 598}",-0.28963711019890914,-0.269658606416472,-0.2974727684007295,-0.30775188869743236,-0.2980910929395527,-0.29252229333061913,0.01279477837676565,79,2472.2187995910645,9.684081792831421
15.013681077957154,1.2150627918356003,2.522530460357666,0.40036723445053507,9,sqrt,46,8,18,801,"{'max_depth': 9, 'max_features': 'sqrt', 'max_leaf_nodes': 46, 'min_samples_leaf': 8, 'min_samples_split': 18, 'n_estimators': 801}",-0.28232473615099335,-0.2634797999890432,-0.29034326243912073,-0.29918277926357767,-0.28779563025758176,-0.2846252416200633,0.011891938913621423,61,2472.2187995910645,9.684081792831421
29.162273645401,1.1312067103205494,1.7871947288513184,0.2743299806295669,10,0.5,69,1,2,755,"{'max_depth': 10, 'max_features': 0.5, 'max_leaf_nodes': 69, 'min_samples_leaf': 1, 'min_samples_split': 2, 'n_estimators': 755}",-0.2726125915229529,-0.25805097829272194,-0.2798425465457241,-0.28457903164020826,-0.2746920547580138,-0.27395544055192417,0.008975705747749469,28,2472.2187995910645,9.684081792831421
18.109547472000123,1.9888756087318593,1.2727228164672852,0.41091427356712346,8,log2,34,6,4,1371,"{'max_depth': 8, 'max_features': 'log2', 'max_leaf_nodes': 34, 'min_samples_leaf': 6, 'min_samples_split': 4, 'n_estimators': 1371}",-0.29712643859725324,-0.2780775592790499,-0.30422298114376783,-0.3155946128128818,-0.3050875950095933,-0.30002183736850924,0.012455982654544475,84,2472.2187995910645,9.684081792831421
12.91225848197937,0.7542592773614833,1.0916260719299316,0.5614246632733926,11,log2,41,6,3,1138,"{'max_depth': 11, 'max_features': 'log2', 'max_leaf_nodes': 41, 'min_samples_leaf': 6, 'min_samples_split': 3, 'n_estimators': 1138}",-0.2910027373304779,-0.2714358446619593,-0.29842882108498725,-0.3092527958879067,-0.29742637484368073,-0.29350931476180236,0.012497384628671681,80,2472.2187995910645,9.684081792831421
13.615965414047242,0.25251309870499294,1.2141510486602782,0.19862449916772207,8,log2,11,1,9,1428,"{'max_depth': 8, 'max_features': 'log2', 'max_leaf_nodes': 11, 'min_samples_leaf': 1, 'min_samples_split': 9, 'n_estimators': 1428}",-0.3669345639154096,-0.3578543041765527,-0.38372649844912043,-0.3890599943023059,-0.39089826623177465,-0.37769472541503263,0.01303310019398639,100,2472.2187995910645,9.684081792831421
49.27416501045227,0.6465015795615486,4.0970179557800295,1.0224927271949507,6,0.5,57,7,11,1258,"{'max_depth': 6, 'max_features': 0.5, 'max_leaf_nodes': 57, 'min_samples_leaf': 7, 'min_samples_split': 11, 'n_estimators': 1258}",-0.2711788547401699,-0.2543760743184617,-0.27981128053853455,-0.2851204922559989,-0.2731601596602887,-0.2727293723026908,0.010422346255188808,19,2472.2187995910645,9.684081792831421
46.92693538665772,5.9264910629070515,2.9005914688110352,0.6312721822853763,7,0.5,59,9,14,1327,"{'max_depth': 7, 'max_features': 0.5, 'max_leaf_nodes': 59, 'min_samples_leaf': 9, 'min_samples_split': 14, 'n_estimators': 1327}",-0.2697003091592788,-0.2548303011240908,-0.27920672063182567,-0.28388473132014713,-0.2716941639933661,-0.2718632452457417,0.009932480300694846,10,2472.2187995910645,9.684081792831421
16.99884581565857,1.5924201027404186,2.9323858261108398,0.5254966075649126,7,sqrt,45,4,2,1275,"{'max_depth': 7, 'max_features': 'sqrt', 'max_leaf_nodes': 45, 'min_samples_leaf': 4, 'min_samples_split': 2, 'n_estimators': 1275}",-0.28444092448777725,-0.26613365834779346,-0.2926870097881491,-0.30165730599415824,-0.29078878655018664,-0.2871415370336129,0.011860746356146515,67,2472.2187995910645,9.684081792831421
67.24020371437072,1.3993696883764397,3.3638509273529054,0.34519697393764626,11,0.7,96,2,3,1299,"{'max_depth': 11, 'max_features': 0.7, 'max_leaf_nodes': 96, 'min_samples_leaf': 2, 'min_samples_split': 3, 'n_estimators': 1299}",-0.27251033601822416,-0.2583474231030713,-0.2787232732923324,-0.2830650816050485,-0.26885855716963686,-0.27230093423766266,0.008528863809995714,16,2472.2187995910645,9.684081792831421
44.01789631843567,5.067824700236553,2.565412139892578,0.6024759421578757,11,0.5,34,6,18,1191,"{'max_depth': 11, 'max_features': 0.5, 'max_leaf_nodes': 34, 'min_samples_leaf': 6, 'min_samples_split': 18, 'n_estimators': 1191}",-0.27558445129077136,-0.2602804664046257,-0.2856460980744387,-0.2886221841780372,-0.2785811763421382,-0.27774287525800223,0.009910777559366946,47,2472.2187995910645,9.684081792831421
27.266689586639405,1.5898056877897366,2.610420513153076,0.586594167329834,7,0.5,69,5,2,763,"{'max_depth': 7, 'max_features': 0.5, 'max_leaf_nodes': 69, 'min_samples_leaf': 5, 'min_samples_split': 2, 'n_estimators': 763}",-0.2701167407336323,-0.25440516879249014,-0.27834568153434847,-0.2836180305522476,-0.2715032354626457,-0.27159777141507285,0.009877336630553428,7,2472.2187995910645,9.684081792831421
43.29430804252625,2.299204062307201,3.5515786170959474,0.35615024562549175,10,0.7,14,7,5,1273,"{'max_depth': 10, 'max_features': 0.7, 'max_leaf_nodes': 14, 'min_samples_leaf': 7, 'min_samples_split': 5, 'n_estimators': 1273}",-0.2943245456447273,-0.2736630844347063,-0.3047339308436499,-0.30900455560188894,-0.30300430884672597,-0.2969460850743397,0.01258356003866015,83,2472.2187995910645,9.684081792831421
57.66281008720398,2.2621752995573114,3.094185733795166,0.7658554739023236,10,0.7,56,3,9,1319,"{'max_depth': 10, 'max_features': 0.7, 'max_leaf_nodes': 56, 'min_samples_leaf': 3, 'min_samples_split': 9, 'n_estimators': 1319}",-0.27339713468826327,-0.25967878072530015,-0.2820520235070878,-0.28540828105215843,-0.2724326018628338,-0.2745937643671287,0.008956993731424567,32,2472.2187995910645,9.684081792831421
9.110810279846191,1.4815556626200754,3.0380435466766356,0.42955440348875384,10,log2,39,3,18,619,"{'max_depth': 10, 'max_features': 'log2', 'max_leaf_nodes': 39, 'min_samples_leaf': 3, 'min_samples_split': 18, 'n_estimators': 619}",-0.29415179089021687,-0.2727046759176911,-0.3008601932226807,-0.3115110016649128,-0.29956607375432154,-0.2957587470899646,0.012827521342896013,82,2472.2187995910645,9.684081792831421
41.87929706573486,1.046298294601907,2.095715951919556,0.597458612820632,8,0.7,67,7,6,973,"{'max_depth': 8, 'max_features': 0.7, 'max_leaf_nodes': 67, 'min_samples_leaf': 7, 'min_samples_split': 6, 'n_estimators': 973}",-0.2715554749826487,-0.25753148706883766,-0.2786599449179158,-0.28384275708133166,-0.2695842005413418,-0.27223477291841514,0.008940936482670192,14,2472.2187995910645,9.684081792831421
9.777490472793579,0.8902368904713428,2.548248052597046,0.8639020401453942,10,sqrt,21,5,2,557,"{'max_depth': 10, 'max_features': 'sqrt', 'max_leaf_nodes': 21, 'min_samples_leaf': 5, 'min_samples_split': 2, 'n_estimators': 557}",-0.3045367466463736,-0.28609067407272915,-0.31060538606278293,-0.3219593672883865,-0.31263463886748827,-0.30716536258755206,0.011930309613650013,89,2472.2187995910645,9.684081792831421
12.32007474899292,1.2011242783262799,2.3938395500183107,0.1812246928419795,7,sqrt,43,6,17,1100,"{'max_depth': 7, 'max_features': 'sqrt', 'max_leaf_nodes': 43, 'min_samples_leaf': 6, 'min_samples_split': 17, 'n_estimators': 1100}",-0.28544898683115977,-0.26641397193192634,-0.29276646544718216,-0.3020811900014038,-0.291167342505946,-0.2875755913435236,0.01185406956002527,68,2472.2187995910645,9.684081792831421
51.99729814529419,2.1626647057750974,3.4608262538909913,0.6423905774158098,10,1.0,10,7,6,1289,"{'max_depth': 10, 'max_features': 1.0, 'max_leaf_nodes': 10, 'min_samples_leaf': 7, 'min_samples_split': 6, 'n_estimators': 1289}",-0.3068638819272979,-0.2837398829500486,-0.322382406136318,-0.3291864107105745,-0.3211793845648765,-0.3126703932578231,0.016187618479658543,93,2472.2187995910645,9.684081792831421
26.224170446395874,1.5963903528527512,2.5559762954711913,0.47194645517454475,10,0.5,85,3,6,585,"{'max_depth': 10, 'max_features': 0.5, 'max_leaf_nodes': 85, 'min_samples_leaf': 3, 'min_samples_split': 6, 'n_estimators': 585}",-0.2702047560855787,-0.25529883698664113,-0.27861268398590133,-0.28212647061447105,-0.2715367005045228,-0.271555889635423,0.009248277890040723,6,2472.2187995910645,9.684081792831421
40.89713664054871,1.3799128429830427,2.6376295566558836,0.3064570724785931,6,1.0,87,5,16,593,"{'max_depth': 6, 'max_features': 1.0, 'max_leaf_nodes': 87, 'min_samples_leaf': 5, 'min_samples_split': 16, 'n_estimators': 593}",-0.27577511689897755,-0.25895779853297557,-0.2813425274672108,-0.28967544007824186,-0.27205755785201363,-0.2755616881658839,0.010204212150811534,37,2472.2187995910645,9.684081792831421
65.40536985397338,1.9846447520931085,2.909834098815918,0.5939256168048593,11,0.7,78,5,8,1111,"{'max_depth': 11, 'max_features': 0.7, 'max_leaf_nodes': 78, 'min_samples_leaf': 5, 'min_samples_split': 8, 'n_estimators': 1111}",-0.27141578983669545,-0.25718029344464016,-0.2787905118182865,-0.28353232163996916,-0.26911352871176303,-0.27200648909027086,0.009026649467219022,12,2472.2187995910645,9.684081792831421
37.70137276649475,1.79278751821734,2.47037353515625,0.29987351337144064,6,1.0,32,6,6,599,"{'max_depth': 6, 'max_features': 1.0, 'max_leaf_nodes': 32, 'min_samples_leaf': 6, 'min_samples_split': 6, 'n_estimators': 599}",-0.28121468623028,-0.2646679388084632,-0.28780848069479037,-0.2950642379558012,-0.2799409372756287,-0.28173925619299267,0.010092865072416954,56,2472.2187995910645,9.684081792831421
32.793238687515256,1.015888414404632,2.809852361679077,0.5880759869521128,7,0.7,19,3,2,824,"{'max_depth': 7, 'max_features': 0.7, 'max_leaf_nodes': 19, 'min_samples_leaf': 3, 'min_samples_split': 2, 'n_estimators': 824}",-0.28632197347178073,-0.26776792631182617,-0.29676440029962775,-0.3014292549156758,-0.2928927824336214,-0.2890352674865064,0.011729387068854782,71,2472.2187995910645,9.684081792831421
45.847192001342776,1.3811105434616622,2.5630056381225588,0.5984172406450521,10,0.7,25,8,17,1258,"{'max_depth': 10, 'max_features': 0.7, 'max_leaf_nodes': 25, 'min_samples_leaf': 8, 'min_samples_split': 17, 'n_estimators': 1258}",-0.28095291535037753,-0.2642502395787395,-0.2907996035914559,-0.29475653692371107,-0.28406438711788784,-0.28296473651243437,0.01054438950730453,60,2472.2187995910645,9.684081792831421
18.796623706817627,0.8136079711539368,3.0509411811828615,0.6562231977717016,7,sqrt,41,4,13,1189,"{'max_depth': 7, 'max_features': 'sqrt', 'max_leaf_nodes': 41, 'min_samples_leaf': 4, 'min_samples_split': 13, 'n_estimators': 1189}",-0.2862176945073014,-0.26730252559098755,-0.2936028523129448,-0.3029359790221348,-0.2917593871304084,-0.2883636877127554,0.011828010238460102,69,2472.2187995910645,9.684081792831421
49.74066848754883,1.47903856041061,3.3173477172851564,0.5861897402043493,8,0.7,42,1,12,1112,"{'max_depth': 8, 'max_features': 0.7, 'max_leaf_nodes': 42, 'min_samples_leaf': 1, 'min_samples_split': 12, 'n_estimators': 1112}",-0.27669520166269296,-0.2617563301307715,-0.2845455904798556,-0.2883325021069212,-0.27717569962218214,-0.2777010648004847,0.009114793732019974,46,2472.2187995910645,9.684081792831421
48.53633399009705,5.682061585404773,1.6331414699554443,0.5011550446040428,9,0.5,74,1,9,1341,"{'max_depth': 9, 'max_features': 0.5, 'max_leaf_nodes': 74, 'min_samples_leaf': 1, 'min_samples_split': 9, 'n_estimators': 1341}",-0.2718142203327585,-0.2570061364231805,-0.27962406571886317,-0.28376045984954856,-0.27290052945308246,-0.2730210823554866,0.009131080553974562,22,2472.2187995910645,9.684081792831421
24.411414623260498,0.3207565128008254,1.1417988777160644,0.19873816060392643,8,0.7,38,2,19,534,"{'max_depth': 8, 'max_features': 0.7, 'max_leaf_nodes': 38, 'min_samples_leaf': 2, 'min_samples_split': 19, 'n_estimators': 534}",-0.27709518835470864,-0.26184052314994544,-0.2850293694614975,-0.2886910751766315,-0.2773247054277589,-0.2779961723141084,0.009231624441482938,49,2472.2187995910645,9.684081792831421
12.019153928756714,3.435402345989376,2.5729074001312258,0.9317580938397089,6,log2,17,2,10,1402,"{'max_depth': 6, 'max_features': 'log2', 'max_leaf_nodes': 17, 'min_samples_leaf': 2, 'min_samples_split': 10, 'n_estimators': 1402}",-0.32980110571379545,-0.3151164217695753,-0.34169430003210804,-0.35023707207038535,-0.3467476621601866,-0.33671931234921015,0.012826492854258305,95,2472.2187995910645,9.684081792831421
12.161372995376587,0.6045002469234183,2.28914213180542,1.1922131266531673,9,log2,84,8,5,1228,"{'max_depth': 9, 'max_features': 'log2', 'max_leaf_nodes': 84, 'min_samples_leaf': 8, 'min_samples_split': 5, 'n_estimators': 1228}",-0.2784990946343762,-0.2590400400798202,-0.2877343041522976,-0.29685981527144073,-0.2846749799911415,-0.2813616468258152,0.012635113739145894,55,2472.2187995910645,9.684081792831421
83.62542972564697,0.7390910741968523,2.504640531539917,0.8022399157005492,10,1.0,45,5,10,1419,"{'max_depth': 10, 'max_features': 1.0, 'max_leaf_nodes': 45, 'min_samples_leaf': 5, 'min_samples_split': 10, 'n_estimators': 1419}",-0.27692737897430697,-0.2627305855974013,-0.2846502458418243,-0.2905251174337055,-0.27478524724656345,-0.27792371501876034,0.00944156138381546,48,2472.2187995910645,9.684081792831421
25.670396518707275,1.2882154014691853,4.049854898452759,0.4977100081634461,8,sqrt,45,2,18,1498,"{'max_depth': 8, 'max_features': 'sqrt', 'max_leaf_nodes': 45, 'min_samples_leaf': 2, 'min_samples_split': 18, 'n_estimators': 1498}",-0.28370272862802404,-0.26454394815926785,-0.2908484207721767,-0.29954504564439594,-0.28881693678112047,-0.285491415996997,0.011655530071427951,64,2472.2187995910645,9.684081792831421
37.969509506225585,4.46752764635285,2.797207403182983,0.7983994545909459,11,1.0,21,1,14,778,"{'max_depth': 11, 'max_features': 1.0, 'max_leaf_nodes': 21, 'min_samples_leaf': 1, 'min_samples_split': 14, 'n_estimators': 778}",-0.28760741488350683,-0.2688230868212092,-0.29747548920601247,-0.30420438555302326,-0.29393344999429016,-0.29040876529160836,0.01205379779712034,73,2472.2187995910645,9.684081792831421
20.70211515426636,2.242953361048828,2.2806647300720213,0.4485059190612607,6,0.5,39,1,18,561,"{'max_depth': 6, 'max_features': 0.5, 'max_leaf_nodes': 39, 'min_samples_leaf': 1, 'min_samples_split': 18, 'n_estimators': 561}",-0.2755809814522087,-0.25863459611237033,-0.28346330665627745,-0.28799409023902994,-0.2772976011093522,-0.2765941151138477,0.010012101481986745,41,2472.2187995910645,9.684081792831421
16.35025510787964,0.25302306729829693,2.245194673538208,0.1001763088080024,9,sqrt,95,3,18,1111,"{'max_depth': 9, 'max_features': 'sqrt', 'max_leaf_nodes': 95, 'min_samples_leaf': 3, 'min_samples_split': 18, 'n_estimators': 1111}",-0.27433738413873865,-0.25382854117760745,-0.2821674220638555,-0.29003217381756,-0.27832204975932334,-0.275737514191417,0.01211878125771194,39,2472.2187995910645,9.684081792831421
79.64785504341125,1.224161094882018,2.0291051387786867,0.6781611900039047,9,1.0,28,9,8,1295,"{'max_depth': 9, 'max_features': 1.0, 'max_leaf_nodes': 28, 'min_samples_leaf': 9, 'min_samples_split': 8, 'n_estimators': 1295}",-0.2812680880203984,-0.26493285293899976,-0.28940577213605617,-0.29614417976146284,-0.282497748844398,-0.282849728340263,0.010424625160209103,59,2472.2187995910645,9.684081792831421
38.389763021469115,0.9694360981750536,1.9034224987030028,0.7951341524792391,11,0.7,92,5,6,598,"{'max_depth': 11, 'max_features': 0.7, 'max_leaf_nodes': 92, 'min_samples_leaf': 5, 'min_samples_split': 6, 'n_estimators': 598}",-0.27105747570107036,-0.2568497504726388,-0.27761812981764417,-0.2837228867047486,-0.2677003364380985,-0.27138971582684007,0.009121762340920212,5,2472.2187995910645,9.684081792831421
16.756983041763306,3.4029574742075996,2.5668619155883787,0.6675259924660969,9,sqrt,61,5,5,1064,"{'max_depth': 9, 'max_features': 'sqrt', 'max_leaf_nodes': 61, 'min_samples_leaf': 5, 'min_samples_split': 5, 'n_estimators': 1064}",-0.2779045959035439,-0.2595129309417441,-0.28617044323145746,-0.29482514424228706,-0.28324043469585203,-0.2803307098029769,0.011763703163133658,52,2472.2187995910645,9.684081792831421
50.43435912132263,0.46761351933565104,2.03763861656189,0.31898814298613076,6,1.0,62,7,15,722,"{'max_depth': 6, 'max_features': 1.0, 'max_leaf_nodes': 62, 'min_samples_leaf': 7, 'min_samples_split': 15, 'n_estimators': 722}",-0.275249239508109,-0.25897062261710574,-0.28094042005887754,-0.2893642521963048,-0.27215419149382414,-0.27533574517484427,0.010061395461786334,35,2472.2187995910645,9.684081792831421
91.11053762435913,1.1050299751348809,2.081285905838013,0.34862460170913484,7,1.0,44,7,12,1342,"{'max_depth': 7, 'max_features': 1.0, 'max_leaf_nodes': 44, 'min_samples_leaf': 7, 'min_samples_split': 12, 'n_estimators': 1342}",-0.2763298946305381,-0.26225317569306655,-0.2834613530589316,-0.29048487927641037,-0.2744070760498158,-0.2773872757417525,0.009460256475465775,44,2472.2187995910645,9.684081792831421
44.01523804664612,1.3649042062224463,2.13120436668396,0.45893671582076184,7,0.7,18,1,7,1018,"{'max_depth': 7, 'max_features': 0.7, 'max_leaf_nodes': 18, 'min_samples_leaf': 1, 'min_samples_split': 7, 'n_estimators': 1018}",-0.2878007087399129,-0.26864457614793313,-0.2981619593890887,-0.30278528444292413,-0.29479402357726686,-0.29043731045942517,0.011941512041391659,74,2472.2187995910645,9.684081792831421
80.12738132476807,4.254585913771497,2.8069886684417726,0.8434281584610007,11,1.0,49,9,19,1294,"{'max_depth': 11, 'max_features': 1.0, 'max_leaf_nodes': 49, 'min_samples_leaf': 9, 'min_samples_split': 19, 'n_estimators': 1294}",-0.27421284051361766,-0.26065708472792215,-0.28136611653580873,-0.28909422695036835,-0.27234059522756243,-0.27553417279105585,0.00949904461011879,36,2472.2187995910645,9.684081792831421
12.466087532043456,1.0111237793882872,3.160322380065918,0.2624738546769734,7,log2,14,5,7,838,"{'max_depth': 7, 'max_features': 'log2', 'max_leaf_nodes': 14, 'min_samples_leaf': 5, 'min_samples_split': 7, 'n_estimators': 838}",-0.34297298066645476,-0.3286673187591452,-0.3539167943341381,-0.3635560362203428,-0.3590540314816097,-0.3496334322923381,0.012528952966226647,98,2472.2187995910645,9.684081792831421
15.943269062042237,2.349188844854798,3.3231309413909913,1.054912240013515,10,sqrt,95,4,18,1010,"{'max_depth': 10, 'max_features': 'sqrt', 'max_leaf_nodes': 95, 'min_samples_leaf': 4, 'min_samples_split': 18, 'n_estimators': 1010}",-0.2735117404962238,-0.253770541925229,-0.28239940654578966,-0.28929884153478747,-0.2774511711355619,-0.27528634032751836,0.0119809113091273,34,2472.2187995910645,9.684081792831421
34.2296688079834,0.51489221288856,2.5647606372833254,0.39573016170388664,6,1.0,13,4,7,751,"{'max_depth': 6, 'max_features': 1.0, 'max_leaf_nodes': 13, 'min_samples_leaf': 4, 'min_samples_split': 7, 'n_estimators': 751}",-0.29820051336888936,-0.2770110307162965,-0.3117249661222731,-0.31874516459798297,-0.3088889697983538,-0.30291412892075914,0.014540563499937376,87,2472.2187995910645,9.684081792831421
86.89720726013184,1.7175877351494289,2.66948881149292,0.5819139606423561,8,1.0,63,7,11,1357,"{'max_depth': 8, 'max_features': 1.0, 'max_leaf_nodes': 63, 'min_samples_leaf': 7, 'min_samples_split': 11, 'n_estimators': 1357}",-0.2737349533541837,-0.2594880727861063,-0.2798235549418254,-0.2868940793641306,-0.27079736986251546,-0.27414760606175226,0.009175895139385132,30,2472.2187995910645,9.684081792831421
46.5095718383789,12.19961965973471,2.4514658451080322,1.7166069236553896,8,0.5,54,2,9,1328,"{'max_depth': 8, 'max_features': 0.5, 'max_leaf_nodes': 54, 'min_samples_leaf': 2, 'min_samples_split': 9, 'n_estimators': 1328}",-0.27234365477378614,-0.2581549248150248,-0.28158932006872406,-0.28486034488856904,-0.2741950605849858,-0.27422866102621796,0.00926424715384239,31,2472.2187995910645,9.684081792831421
10.652018547058105,2.879721041658117,1.9970056533813476,0.8728708191221399,6,sqrt,12,9,18,908,"{'max_depth': 6, 'max_features': 'sqrt', 'max_leaf_nodes': 12, 'min_samples_leaf': 9, 'min_samples_split': 18, 'n_estimators': 908}",-0.3365456607198693,-0.32193612682977996,-0.34761684350524097,-0.3543360926650809,-0.3538331509235148,-0.3428535749286972,0.012267171204164885,97,2472.2187995910645,9.684081792831421
