mean_fit_time,std_fit_time,mean_score_time,std_score_time,param_C,param_epsilon,param_gamma,param_kernel,params,split0_test_rmse,split1_test_rmse,split2_test_rmse,split3_test_rmse,split4_test_rmse,mean_test_rmse,std_test_rmse,rank_test_rmse,split0_test_mae,split1_test_mae,split2_test_mae,split3_test_mae,split4_test_mae,mean_test_mae,std_test_mae,rank_test_mae,split0_test_r2,split1_test_r2,split2_test_r2,split3_test_r2,split4_test_r2,mean_test_r2,std_test_r2,rank_test_r2,total_hpo_search_time_s,final_model_training_time_s,best_score_rmse
3.253757619857788,0.10694382646472708,0.5898685932159424,0.04943163136701444,3.14891164795686,0.711447600934342,0.015702970884055395,rbf,"{'C': np.float64(3.14891164795686), 'epsilon': np.float64(0.711447600934342), 'gamma': np.float64(0.015702970884055395), 'kernel': 'rbf'}",-0.7291891750644891,-0.6935487607299898,-0.7128027575058855,-0.7434455186963029,-0.7249619072063704,-0.7207896238406076,0.016775605132568455,29,-0.5809512726640803,-0.5546305275630603,-0.5609811804844281,-0.5899284846904425,-0.5720906553956715,-0.5717164241595366,0.012839586784400716,49,0.865694292607415,0.8858434515362151,0.882174593688684,0.8660335562379673,0.8713054127438343,0.8742102613628232,0.008325624049261755,29,1036.5223135948181,48.52487897872925,-0.6246372042064449
8.989999437332154,0.6343084605455378,2.8259379386901857,1.2723405362423605,24.81040974867808,0.0029380279387035343,0.00029375384576328325,rbf,"{'C': np.float64(24.81040974867808), 'epsilon': np.float64(0.0029380279387035343), 'gamma': np.float64(0.00029375384576328325), 'kernel': 'rbf'}",-0.9449927760467458,-0.9165899652958395,-0.9098494964010494,-0.9523394726857872,-0.9158376220516132,-0.9279218664962071,0.01725506855610859,74,-0.7072403562167865,-0.6793070748158776,-0.6742717895764601,-0.7033789946595139,-0.6788309886907195,-0.6886058407918715,0.013805586165318514,70,0.774435359806208,0.8006129141600256,0.8080273668193411,0.780172863030123,0.7946158774847818,0.791572876260096,0.012533053682967508,74,1036.5223135948181,48.52487897872925,-0.6246372042064449
5.150720167160034,0.9417746458973183,1.8179777145385743,0.8148629011506173,0.17073967431528117,0.39676050770529875,0.006358358856676255,rbf,"{'C': np.float64(0.17073967431528117), 'epsilon': np.float64(0.39676050770529875), 'gamma': np.float64(0.006358358856676255), 'kernel': 'rbf'}",-0.9412450813330903,-0.9104914707133225,-0.8917248698864889,-0.9456481483687029,-0.9021247784239117,-0.9182468697451032,0.02146267609439832,72,-0.7321365680218537,-0.705737198555884,-0.6864125872166307,-0.7312517843375244,-0.6995036838538761,-0.7110083643971538,0.018007177225384093,75,0.7762209208659338,0.8032573155491236,0.8155995561402947,0.7832511080701741,0.8007202682555175,0.7958098337762086,0.014231356668616245,72,1036.5223135948181,48.52487897872925,-0.6246372042064449
57.62517991065979,0.7455624835771955,2.4886096477508546,0.1923637036037438,67.96578090758145,0.00115279871282324,0.0812324508558869,rbf,"{'C': np.float64(67.96578090758145), 'epsilon': np.float64(0.00115279871282324), 'gamma': np.float64(0.0812324508558869), 'kernel': 'rbf'}",-0.7055809236444915,-0.6688799320013268,-0.6883365115276447,-0.7243139498016534,-0.7184520644332881,-0.7011126762816808,0.020303196293100827,25,-0.4947341133948392,-0.4859037652325385,-0.4808435029822799,-0.5042672587777263,-0.5176397327176268,-0.4966776746210021,0.013172586781292796,27,0.8742500838950158,0.8938198922267948,0.8901242590316336,0.8728397327763996,0.8736062786611435,0.8809280493181975,0.009103782718205403,25,1036.5223135948181,48.52487897872925,-0.6246372042064449
10.588498640060426,2.2976168470159197,2.5535481452941893,0.4288577555110826,213.6832907235874,0.004335281794951566,0.0003511356313970409,rbf,"{'C': np.float64(213.6832907235874), 'epsilon': np.float64(0.004335281794951566), 'gamma': np.float64(0.0003511356313970409), 'kernel': 'rbf'}",-0.8826065402660334,-0.8409688783750635,-0.8437300227968316,-0.8827569165356817,-0.8598187474932124,-0.8619762210933644,0.01809051831722041,59,-0.6343066089033209,-0.6004954134402585,-0.6000709307733445,-0.6267182849211252,-0.6147417177518165,-0.6152665911579731,0.013733425236072374,59,0.8032347844897418,0.832155668878743,0.8349151536118428,0.8111226021272495,0.8189728445925281,0.8200802107400211,0.01209235805513589,59,1036.5223135948181,48.52487897872925,-0.6246372042064449
4.961724090576172,0.643473977990153,2.104453611373901,0.06055759930115305,0.5415244119402537,0.008179499475211672,0.0037520558551242854,rbf,"{'C': np.float64(0.5415244119402537), 'epsilon': np.float64(0.008179499475211672), 'gamma': np.float64(0.0037520558551242854), 'kernel': 'rbf'}",-0.9353952503291054,-0.9011510848230095,-0.8792432500832172,-0.9415944738790865,-0.9001194413560287,-0.9115007000940896,0.023468171720363085,69,-0.6843188891923246,-0.653037266867313,-0.6351074444248375,-0.683723394802473,-0.6530334134575696,-0.6618440817489035,0.019255424943698942,64,0.7789938476873209,0.8072732273131971,0.8207255950304138,0.7851053839155816,0.8016052431073535,0.7987406594107733,0.015101028177148547,69,1036.5223135948181,48.52487897872925,-0.6246372042064449
5.526722812652588,0.16622126996847206,1.950496244430542,0.030971199007081337,5.342937261279771,0.007476312062252299,0.006847920095574782,rbf,"{'C': np.float64(5.342937261279771), 'epsilon': np.float64(0.007476312062252299), 'gamma': np.float64(0.006847920095574782), 'kernel': 'rbf'}",-0.7529660516440009,-0.7182386156388066,-0.733898569445307,-0.7648277317804821,-0.7546765144563591,-0.7449214965929911,0.016671019751301315,35,-0.5128981734719071,-0.487940179879443,-0.48671255770183003,-0.510915076643875,-0.5148210525252882,-0.5026574080444687,0.012584527576383477,30,0.8567928061336487,0.8775709918131542,0.8750971678238237,0.8582167307762905,0.8605393848398318,0.8656434162773499,0.008845118097881792,35,1036.5223135948181,48.52487897872925,-0.6246372042064449
5.165629959106445,1.1563009981925683,2.389771318435669,0.2326048248622958,0.3613894271216527,0.007523742884534853,0.001256277350380704,rbf,"{'C': np.float64(0.3613894271216527), 'epsilon': np.float64(0.007523742884534853), 'gamma': np.float64(0.001256277350380704), 'kernel': 'rbf'}",-1.0398910913953843,-1.0232322337345707,-0.988615552724201,-1.0480863137481256,-0.996439210401929,-1.0192528804008423,0.023376258342974077,89,-0.7828618929232826,-0.7660862061224604,-0.7363540268454123,-0.7821439249198809,-0.7478022487247693,-0.763049659907161,0.01850122438494913,87,0.7268571992354019,0.7515178164302361,0.7733503354242226,0.733748641341339,0.7568739330996174,0.7484695851061633,0.016629960457821585,89,1036.5223135948181,48.52487897872925,-0.6246372042064449
6.1221510887146,0.12108090481832405,2.101271867752075,0.12039527686255894,6.6723671704642005,0.22673986523780384,0.0003972110727381913,rbf,"{'C': np.float64(6.6723671704642005), 'epsilon': np.float64(0.22673986523780384), 'gamma': np.float64(0.0003972110727381913), 'kernel': 'rbf'}",-0.9598788979773307,-0.9372384440790074,-0.9205717928423474,-0.96607755545391,-0.9226110609231852,-0.9412755502551562,0.01873249031848325,77,-0.7334130652048809,-0.7105691101761032,-0.6976896496572923,-0.7309649820343924,-0.7016821893652669,-0.7148637992875873,0.014768032788078186,77,0.7672729141703384,0.7915283431414827,0.8034760289960633,0.773784833985651,0.79156664432331,0.785525752923369,0.013158656233556816,77,1036.5223135948181,48.52487897872925,-0.6246372042064449
8.063931608200074,0.26610153899748323,2.421479034423828,0.09535002181074921,11.400863701127316,0.05987474910461398,0.000137832374550072,rbf,"{'C': np.float64(11.400863701127316), 'epsilon': np.float64(0.05987474910461398), 'gamma': np.float64(0.000137832374550072), 'kernel': 'rbf'}",-1.027990989446097,-1.0218409753888873,-0.9942962593230642,-1.0461829716729232,-0.9974952414901439,-1.0175612874642233,0.019443265952758804,88,-0.7727876290995793,-0.7650494185826054,-0.7394500091598657,-0.7800549474975514,-0.7484612184789862,-0.7611606445637176,0.0150992127519495,86,0.733072905671756,0.7521930646862762,0.7707381382051383,0.7347147970059487,0.7563583276636432,0.7494154466465524,0.014097969211651374,88,1036.5223135948181,48.52487897872925,-0.6246372042064449
7.944029474258423,0.9851576088970544,2.37039999961853,0.09050685486233362,26.92646910086177,0.0032476735706274485,0.00015673095467235422,rbf,"{'C': np.float64(26.92646910086177), 'epsilon': np.float64(0.0032476735706274485), 'gamma': np.float64(0.00015673095467235422), 'kernel': 'rbf'}",-0.9758225296173672,-0.9565503059587741,-0.9408756382424935,-0.9859533751118713,-0.941582294155381,-0.9601568286171774,0.018114417668272376,81,-0.7336513458759087,-0.7131256356248596,-0.6978080098303208,-0.7318956474821428,-0.7010658406526736,-0.7155092958931811,0.015001848284870667,78,0.7594774915459062,0.7828486872400069,0.7947114859652109,0.7643809020875734,0.7829066735657326,0.7768650480808861,0.01303059127349365,81,1036.5223135948181,48.52487897872925,-0.6246372042064449
16.910449981689453,1.1747097946385163,0.5307296752929688,0.025199721379307646,624.5139574743067,0.7886714129990487,0.026619018884890575,rbf,"{'C': np.float64(624.5139574743067), 'epsilon': np.float64(0.7886714129990487), 'gamma': np.float64(0.026619018884890575), 'kernel': 'rbf'}",-0.720112079856228,-0.695783164944814,-0.7285309909214573,-0.7364382100176551,-0.7171827744340644,-0.7196094440348437,0.013686740347873549,28,-0.5679415772140394,-0.5524287655095468,-0.56979190087741,-0.5721820975944801,-0.5680146564481443,-0.5660717995287241,0.006993969335751315,46,0.8690172104361346,0.8851067109645531,0.8769175122459045,0.8685470428542139,0.8740524839912392,0.874728192098409,0.006062759693985596,28,1036.5223135948181,48.52487897872925,-0.6246372042064449
6.597833251953125,0.5547394904910575,2.284485197067261,0.16294398469589022,1.6536937182824418,0.001963434157293333,0.01129013355909268,rbf,"{'C': np.float64(1.6536937182824418), 'epsilon': np.float64(0.001963434157293333), 'gamma': np.float64(0.01129013355909268), 'kernel': 'rbf'}",-0.7594673847668342,-0.7229367047501993,-0.736371602537171,-0.7703832992262587,-0.7568449183179485,-0.7492007819196823,0.017128482641104337,39,-0.5214843928443524,-0.492828988341759,-0.49161019793233096,-0.5195191072917791,-0.5184386312516913,-0.5087762635323825,0.013559173918660725,31,0.8543091427622789,0.8759641064469499,0.874253974269149,0.8561494748787364,0.8597368121296953,0.8640827020973617,0.009186597440845797,39,1036.5223135948181,48.52487897872925,-0.6246372042064449
7.893582057952881,0.19563541564774387,2.584497404098511,0.024767065187531637,5.762487216478598,0.002323350351539011,0.0030586566669785274,rbf,"{'C': np.float64(5.762487216478598), 'epsilon': np.float64(0.002323350351539011), 'gamma': np.float64(0.0030586566669785274), 'kernel': 'rbf'}",-0.8199129199267704,-0.7840462685324215,-0.7865537736763949,-0.8259810100522618,-0.8070430333533029,-0.8047074011082304,0.017003917232672052,54,-0.578424544825494,-0.5473391094756237,-0.5431462899821996,-0.5742056116871572,-0.5660053596402108,-0.561824183122137,0.014177694239615317,43,0.8301953797794446,0.8541084246855879,0.8565313400400282,0.834637184437883,0.8405137331655557,0.8431972124217,0.01045348080276216,54,1036.5223135948181,48.52487897872925,-0.6246372042064449
5.460548448562622,0.13856270110002247,1.8974191188812255,0.10657063758590576,0.13726318898045867,0.5345166110646817,0.0005975027999960298,rbf,"{'C': np.float64(0.13726318898045867), 'epsilon': np.float64(0.5345166110646817), 'gamma': np.float64(0.0005975027999960298), 'kernel': 'rbf'}",-1.2398494662130042,-1.2328854299713399,-1.2126798646721608,-1.243420803098186,-1.1906668670336695,-1.223900486197672,0.01973077667097089,97,-1.047503323451942,-1.0390758443550667,-1.01803861370614,-1.0551230025518084,-1.0009049504995942,-1.0321291469129101,0.01993405565587245,97,0.6117137945932308,0.639261687254,0.6589700376877667,0.6252566014914427,0.6528553761676669,0.6376114994388214,0.017404715873812645,97,1036.5223135948181,48.52487897872925,-0.6246372042064449
13.907236528396606,0.27058693324239447,2.2944286823272706,0.08776084266132106,44.67752817973903,0.00861257919259488,0.0036324869566766076,rbf,"{'C': np.float64(44.67752817973903), 'epsilon': np.float64(0.00861257919259488), 'gamma': np.float64(0.0036324869566766076), 'kernel': 'rbf'}",-0.7322605339163027,-0.6994400563536902,-0.7231914801884023,-0.7483188349838977,-0.7434053074805242,-0.7293232425845635,0.017311083687021073,31,-0.4907740629001452,-0.4713016529965511,-0.4722645742475649,-0.4912032353106927,-0.5014230373458384,-0.4853933125601585,0.0117524328734969,24,0.8645605134222242,0.8838958268291497,0.878715079992226,0.864271488673038,0.8646740073598304,0.8712233832552936,0.008394442726542668,31,1036.5223135948181,48.52487897872925,-0.6246372042064449
25.00770421028137,0.7822877651333526,2.4083990097045898,0.09184873083436908,15.375920235481747,0.0035856126103453977,0.08105016126411585,rbf,"{'C': np.float64(15.375920235481747), 'epsilon': np.float64(0.0035856126103453977), 'gamma': np.float64(0.08105016126411585), 'kernel': 'rbf'}",-0.6521100290050321,-0.6115158776181719,-0.6539732839656964,-0.6722683295121489,-0.6585481048791683,-0.6496831249960435,0.020345581489944666,7,-0.4446207433533815,-0.430599504566512,-0.44459032605825227,-0.44860478850133817,-0.46427493857151736,-0.44653806021020026,0.01077381592655639,14,0.8925872583758908,0.9112512377796721,0.9008208874983121,0.8904574018871154,0.8938047931316484,0.8977843157345278,0.0075777098032294675,7,1036.5223135948181,48.52487897872925,-0.6246372042064449
8.079708528518676,0.27594366128053266,0.6691287994384766,0.018310909798249096,126.04664585649451,0.6584106160121609,0.04835952776465952,rbf,"{'C': np.float64(126.04664585649451), 'epsilon': np.float64(0.6584106160121609), 'gamma': np.float64(0.04835952776465952), 'kernel': 'rbf'}",-0.6947979098420257,-0.66726164071144,-0.6946107533897606,-0.7151450338248463,-0.6914285477583175,-0.6926487771052781,0.015235126141862242,24,-0.5347768932166841,-0.5205339993593701,-0.5319567461989286,-0.546428073322018,-0.5375951994777869,-0.5342581823149575,0.008404294112689295,36,0.8780642512248126,0.8943330560153383,0.8881120778659667,0.8760387385232995,0.8829356871660655,0.8838967621590964,0.006683943452243327,24,1036.5223135948181,48.52487897872925,-0.6246372042064449
2.8340014934539797,0.30255909286049376,1.222456121444702,0.09444360211674466,24.63768595899744,0.5829384542994738,0.00018427970406864567,rbf,"{'C': np.float64(24.63768595899744), 'epsilon': np.float64(0.5829384542994738), 'gamma': np.float64(0.00018427970406864567), 'kernel': 'rbf'}",-0.9491918735769072,-0.9253144992860713,-0.9238745780414639,-0.9529211929093929,-0.9176300044382709,-0.9337864296504211,0.014384125622374028,75,-0.7543769346124497,-0.7335418498725256,-0.7283671806329817,-0.7494755222745263,-0.7259865158003648,-0.7383496006385697,0.011456619133695155,80,0.7724263025329343,0.7967991294891765,0.802063339988817,0.7799042257406916,0.7938111778203503,0.789000835114394,0.011063862418617048,75,1036.5223135948181,48.52487897872925,-0.6246372042064449
6.515280103683471,0.07083892734216372,2.5740713119506835,0.05627631428738238,0.6080390190296598,0.0013667272915456222,0.0009462175356461491,rbf,"{'C': np.float64(0.6080390190296598), 'epsilon': np.float64(0.0013667272915456222), 'gamma': np.float64(0.0009462175356461491), 'kernel': 'rbf'}",-1.0312921190626343,-1.0158951139882713,-0.9813022106394301,-1.0408992734993223,-0.9900018561819921,-1.0118781146743303,0.023016186055025388,85,-0.7750855369481056,-0.759553265415799,-0.7307336602435375,-0.7749058080426362,-0.7417584204395788,-0.7564073382179315,0.017746514499492515,84,0.7313558171819359,0.7550685393668469,0.7766912409008073,0.73738765137889,0.7600051488926711,0.7521016795442302,0.016265343787718475,85,1036.5223135948181,48.52487897872925,-0.6246372042064449
10.552079200744629,0.07614837582260259,2.5578229904174803,0.10707884834777855,3.5868164986275475,0.006516990611177174,0.030634622106220845,rbf,"{'C': np.float64(3.5868164986275475), 'epsilon': np.float64(0.006516990611177174), 'gamma': np.float64(0.030634622106220845), 'kernel': 'rbf'}",-0.6605267149804964,-0.623470997687257,-0.6649169267484109,-0.6881165848051195,-0.6780668302169973,-0.6630196108876562,0.022046242550209438,17,-0.438133072494313,-0.4143527834829111,-0.4315449887479311,-0.4491985395598681,-0.4540510613411037,-0.4374560891252254,0.014017420524550685,10,0.8897966446625908,0.9077472457171856,0.8974737715496313,0.8852317437032997,0.8874164583251092,0.8935331727915633,0.00822019161500747,17,1036.5223135948181,48.52487897872925,-0.6246372042064449
7.433668375015259,0.3481902204830953,2.4964433193206785,0.1765437678679517,2.6730883107816683,0.006963114377829284,0.004247058562261873,rbf,"{'C': np.float64(2.6730883107816683), 'epsilon': np.float64(0.006963114377829284), 'gamma': np.float64(0.004247058562261873), 'kernel': 'rbf'}",-0.8250197995070916,-0.7885842911765749,-0.7864117161920406,-0.8304224454279694,-0.8074562627160355,-0.8075789030039424,0.01808243577593692,55,-0.5827753936746497,-0.5515704852470186,-0.5443075084105693,-0.5779783344808215,-0.5672078387096766,-0.5647679121045471,0.014815789473908774,45,0.8280735145335157,0.8524147102126993,0.8565831583826198,0.8328540371880524,0.840350368194506,0.8420551577022787,0.010967555823116624,55,1036.5223135948181,48.52487897872925,-0.6246372042064449
7.128810548782349,0.06262920813552579,2.3396681785583495,0.03851570785056312,0.3661819220392428,0.2550298070162892,0.00016736010167825804,rbf,"{'C': np.float64(0.3661819220392428), 'epsilon': np.float64(0.2550298070162892), 'gamma': np.float64(0.00016736010167825804), 'kernel': 'rbf'}",-1.3191940388947967,-1.3116174345579,-1.2916657806780896,-1.3219290061031836,-1.2588526638341944,-1.300651784813633,0.02342944980790898,98,-1.0764287133996808,-1.067795459262485,-1.0472020328676026,-1.0849335987567064,-1.0229093024279998,-1.059853821342895,0.022323786077378914,99,0.5604266007289601,0.5917170998946446,0.6130984119638185,0.5764409192592541,0.6119571254319284,0.5907280314557211,0.020368529109917145,98,1036.5223135948181,48.52487897872925,-0.6246372042064449
10.971062612533569,0.28464604277034566,1.768079900741577,0.06210696993025228,886.2326508576241,0.2073644517790503,0.00039459088111000007,rbf,"{'C': np.float64(886.2326508576241), 'epsilon': np.float64(0.2073644517790503), 'gamma': np.float64(0.00039459088111000007), 'kernel': 'rbf'}",-0.8065760983921649,-0.7674279645303252,-0.7840620340114226,-0.8069898684434528,-0.7960845785160422,-0.7922281087786816,0.014969159261815714,52,-0.5809469198716162,-0.5544658803591127,-0.5570215044273483,-0.5736460908684272,-0.5726695371568946,-0.5677499865366797,0.01024395313684696,48,0.835674584382306,0.8602273914713007,0.8574388947888519,0.8421538849131802,0.8448155045186273,0.8480620520148532,0.00932541181924783,52,1036.5223135948181,48.52487897872925,-0.6246372042064449
5.126968002319336,0.2572073273774004,1.8435164451599122,0.03419104653773166,0.10521761868451128,0.2795015916508335,0.013199942261535026,rbf,"{'C': np.float64(0.10521761868451128), 'epsilon': np.float64(0.2795015916508335), 'gamma': np.float64(0.013199942261535026), 'kernel': 'rbf'}",-0.9151110179264463,-0.8796684226607108,-0.8601918644574174,-0.9200513706325516,-0.877196389097341,-0.8904438129548934,0.023202853856765206,64,-0.6960140060552602,-0.6658422165767579,-0.6459686968726502,-0.6939186105070047,-0.6663511958458181,-0.6736189451714981,0.018928545023884365,67,0.788475044922526,0.8163525788675945,0.828410438125138,0.7948262074877824,0.8115814847562183,0.8079291508318519,0.014518444635481452,64,1036.5223135948181,48.52487897872925,-0.6246372042064449
6.152124071121216,0.2195521972502763,2.0887418746948243,0.03882402985679961,82.41925264876441,0.20597335357437188,0.0001667761543019791,rbf,"{'C': np.float64(82.41925264876441), 'epsilon': np.float64(0.20597335357437188), 'gamma': np.float64(0.0001667761543019791), 'kernel': 'rbf'}",-0.9296894837662157,-0.9024593402784169,-0.8985854735392148,-0.9350019516569197,-0.9020960574674013,-0.9135664613416337,0.015484188038431195,70,-0.7062680779214466,-0.6797280806605231,-0.679300254278482,-0.7025806263914305,-0.6817160553655003,-0.6899186189234765,0.011929040442468583,71,0.7816818312578484,0.8067132349291406,0.8127512225282809,0.7881039955386773,0.8007329569955589,0.7979966482499012,0.011534310227955043,70,1036.5223135948181,48.52487897872925,-0.6246372042064449
11.235542011260986,0.3046489571977248,2.6119471073150633,0.05853143365449816,2.7155819552829383,0.0022264204303769665,0.038842777547031436,rbf,"{'C': np.float64(2.7155819552829383), 'epsilon': np.float64(0.0022264204303769665), 'gamma': np.float64(0.038842777547031436), 'kernel': 'rbf'}",-0.6575363130279107,-0.6200992339234718,-0.6601519783778139,-0.6836029128449578,-0.6735063627914791,-0.6589793601931266,0.02159849433160767,12,-0.4370580444851781,-0.4132660351396261,-0.4306212733207825,-0.4474010706430996,-0.45335599411029864,-0.43634048353979693,0.013982264589517403,9,0.890792232972818,0.9087423630383276,0.8989379596258918,0.8867324407827462,0.8889257696616262,0.8948261532162819,0.008089042802962049,13,1036.5223135948181,48.52487897872925,-0.6246372042064449
7.498640394210815,0.5214288306739577,2.587263345718384,0.061883496245366154,31.130959561221214,0.009833181933644892,0.0001551225912648476,rbf,"{'C': np.float64(31.130959561221214), 'epsilon': np.float64(0.009833181933644892), 'gamma': np.float64(0.0001551225912648476), 'kernel': 'rbf'}",-0.971215295197626,-0.9504613502164737,-0.9369302943966329,-0.9796759390057102,-0.9369269023137625,-0.9550419562260408,0.017581691755694632,80,-0.7296862059046457,-0.7087382436063889,-0.69512046160493,-0.7272031865485459,-0.6977545030298382,-0.7117005201388696,0.014435943853618242,76,0.7617433289488343,0.7856044574065489,0.7964295358495316,0.7673716627120772,0.7850480818248495,0.7792394133483684,0.012780541470673689,80,1036.5223135948181,48.52487897872925,-0.6246372042064449
8.515966701507569,0.18403951131995405,2.4152575969696044,0.04081083010063807,1.753594952976441,0.009452571391072306,0.015446089075047083,rbf,"{'C': np.float64(1.753594952976441), 'epsilon': np.float64(0.009452571391072306), 'gamma': np.float64(0.015446089075047083), 'kernel': 'rbf'}",-0.7336665689818253,-0.6939017695757843,-0.7167857457376328,-0.745657965358623,-0.7351764016724769,-0.7250376902652684,0.018110697984883677,30,-0.4971224574120661,-0.47024872208912677,-0.4712870912926272,-0.49656224826395257,-0.49943486844760493,-0.48693107750107545,0.013236342012573177,25,0.8640398913587679,0.8857272130555534,0.880854148817722,0.8652350185423754,0.867653328562275,0.8727019200673386,0.008858789160421586,30,1036.5223135948181,48.52487897872925,-0.6246372042064449
4.343267488479614,0.48652274084217007,1.2702451705932618,0.04970963429595451,35.500125258511574,0.45881565491609727,0.0026100256506134765,rbf,"{'C': np.float64(35.500125258511574), 'epsilon': np.float64(0.45881565491609727), 'gamma': np.float64(0.0026100256506134765), 'kernel': 'rbf'}",-0.7543295433209264,-0.7230710054063624,-0.7384303211556469,-0.7668223681569715,-0.7556973981943867,-0.7476701272468589,0.015271437686860753,38,-0.5728818878071275,-0.5554541428382094,-0.5528689550707429,-0.5757186177222876,-0.5748788518205044,-0.5663604910517743,0.010036290102337014,47,0.8562736894769933,0.8759180176287217,0.8735498798671354,0.8574762376498913,0.8601618207616939,0.8646759290768872,0.008341965217552923,38,1036.5223135948181,48.52487897872925,-0.6246372042064449
6.029330110549926,0.13281494324594256,1.9399932384490968,0.04598391451556824,0.30086868214458434,0.13795402040204177,0.019158219548093176,rbf,"{'C': np.float64(0.30086868214458434), 'epsilon': np.float64(0.13795402040204177), 'gamma': np.float64(0.019158219548093176), 'kernel': 'rbf'}",-0.8025475009925546,-0.7597780801456521,-0.7623355624135209,-0.808305757303614,-0.782356843202725,-0.7830647488116134,0.01994570319077991,51,-0.5811460214947843,-0.5452881539850647,-0.541813529226945,-0.579179208979406,-0.5651059659326277,-0.5625065759237655,0.01647324308250873,44,0.837311993917977,0.8630000688243165,0.8652302063607342,0.8416386930915296,0.8501213826759456,0.8514604689741005,0.011146369924016252,51,1036.5223135948181,48.52487897872925,-0.6246372042064449
6.114343500137329,0.12159190132708057,1.7883540630340575,0.06999459286424521,17.583640270008505,0.2055424552015074,0.003029610442821251,rbf,"{'C': np.float64(17.583640270008505), 'epsilon': np.float64(0.2055424552015074), 'gamma': np.float64(0.003029610442821251), 'kernel': 'rbf'}",-0.7675963568273411,-0.7290712013452344,-0.7445722696253811,-0.774717666384047,-0.7647483577751267,-0.756141170391426,0.016834570760194272,43,-0.5519940013032173,-0.5250260765784238,-0.5253496874481958,-0.547923785440864,-0.5503390827741392,-0.5401265267089681,0.012266287711001217,39,0.851173642515883,0.8738501563052938,0.8714376154550707,0.8545262440070108,0.8567920879807157,0.8615559492527949,0.009259571018405341,43,1036.5223135948181,48.52487897872925,-0.6246372042064449
7.848460388183594,0.12290625845069635,2.544504499435425,0.066867586212566,12.329098365270504,0.019170041589170652,0.00011919481947918739,rbf,"{'C': np.float64(12.329098365270504), 'epsilon': np.float64(0.019170041589170652), 'gamma': np.float64(0.00011919481947918739), 'kernel': 'rbf'}",-1.0398906422415912,-1.037574809188021,-1.0106406760589044,-1.0598566928823534,-1.0149163689446146,-1.032575837863097,0.01797636945461288,90,-0.781303992694536,-0.7748693048544133,-0.7492338498561807,-0.7886789640080217,-0.7597856976926503,-0.7707743618211604,0.014373314574499023,88,0.7268574351891465,0.7445030808905828,0.7631388949368303,0.7277348680842568,0.7477736700425417,0.7420015898286717,0.013559091443322981,90,1036.5223135948181,48.52487897872925,-0.6246372042064449
7.7213338851928714,0.13788503679491534,2.7164319515228272,0.025361059553504,0.27012557725439074,0.0012424747083660192,0.008113929572637844,rbf,"{'C': np.float64(0.27012557725439074), 'epsilon': np.float64(0.0012424747083660192), 'gamma': np.float64(0.008113929572637844), 'kernel': 'rbf'}",-0.9042821465943445,-0.868210543309517,-0.8457443775818988,-0.9097055625198517,-0.868856577852542,-0.8793598415716308,0.024110615451488338,63,-0.6526181380899542,-0.6196879004887947,-0.6000405533576558,-0.64936870071803,-0.6216723570167468,-0.6286775299342363,0.01975469351768151,61,0.7934515424787536,0.8211055199441724,0.8341259523264626,0.7994145470803423,0.8151471744190998,0.8126489472497662,0.014715340332974693,63,1036.5223135948181,48.52487897872925,-0.6246372042064449
8.729912757873535,0.2208835485204568,2.305059289932251,0.06511101219274555,1.8089390092767128,0.033551510227214816,0.052807963768953664,rbf,"{'C': np.float64(1.8089390092767128), 'epsilon': np.float64(0.033551510227214816), 'gamma': np.float64(0.052807963768953664), 'kernel': 'rbf'}",-0.6592510982684416,-0.6202514992023068,-0.6590414426398559,-0.6838747254198975,-0.6742375491589981,-0.6593312629379,0.021688233101475503,14,-0.44178473523199524,-0.41864543941435056,-0.43609955408123274,-0.4522874899173713,-0.45824812948068033,-0.44141306962512605,0.013772500319155067,11,0.8902218855996273,0.9086975409363782,0.8992776953524811,0.8866423485166508,0.8886844651893899,0.8947047871189054,0.008222557357547355,14,1036.5223135948181,48.52487897872925,-0.6246372042064449
7.357442903518677,0.2757926038798348,2.4703481197357178,0.06070341089812258,0.9935023909063683,0.017027416886764398,0.01847793417351926,rbf,"{'C': np.float64(0.9935023909063683), 'epsilon': np.float64(0.017027416886764398), 'gamma': np.float64(0.01847793417351926), 'kernel': 'rbf'}",-0.7438251638203609,-0.7026558331787555,-0.7220944316958616,-0.7554377797958558,-0.7415264572776095,-0.7331079331536887,0.018617090212464913,33,-0.5098763144050825,-0.47981409284318033,-0.48046658718989915,-0.5084570143320258,-0.5081026633559838,-0.4973433344252344,0.01406023851130103,28,0.8602487258738484,0.8828257611215214,0.8790827682816724,0.861676766220764,0.8653571770030967,0.8698382397001806,0.009303605419832056,33,1036.5223135948181,48.52487897872925,-0.6246372042064449
7.404877614974976,0.28937814285735936,2.5594785690307615,0.017123473748640507,0.8226074946221034,0.0017019223026554016,0.0007400385759087378,rbf,"{'C': np.float64(0.8226074946221034), 'epsilon': np.float64(0.0017019223026554016), 'gamma': np.float64(0.0007400385759087378), 'kernel': 'rbf'}",-1.0342933417823368,-1.021728887046519,-0.9864994309708442,-1.0454398386193542,-0.9924412800799077,-1.0160805556997925,0.02306267551479781,87,-0.7777328768196357,-0.7653434526654669,-0.7352700845252783,-0.7788369206672968,-0.7446277276777096,-0.7603622124710774,0.01757871709358226,85,0.7297899481455359,0.7522474268538751,0.7743195796874667,0.7350915421652385,0.7588209683531449,0.7500538930410523,0.016155470621417162,87,1036.5223135948181,48.52487897872925,-0.6246372042064449
2.9421054840087892,0.10474580827726297,0.9410744667053222,0.03260315623155295,0.44145368764944787,0.615308560162531,0.026568139241144935,rbf,"{'C': np.float64(0.44145368764944787), 'epsilon': np.float64(0.615308560162531), 'gamma': np.float64(0.026568139241144935), 'kernel': 'rbf'}",-0.7733848474180188,-0.7335942973457339,-0.7479978839961662,-0.7820728507534251,-0.7628347470551398,-0.7599769253136969,0.01741097315305787,44,-0.6130789530288979,-0.5840328982751737,-0.5886313808269485,-0.6174160671149979,-0.6032005783919351,-0.6012719755275906,0.01312041416120716,55,0.8489205619780446,0.8722800550811942,0.8702519192533746,0.8517508702725982,0.8575078824662361,0.8601422578102895,0.00951644001395359,44,1036.5223135948181,48.52487897872925,-0.6246372042064449
8.191814994812011,0.2916779914336154,1.0865651607513427,0.06156895337930837,34.16764341832967,0.411511304956109,0.025764174425233172,rbf,"{'C': np.float64(34.16764341832967), 'epsilon': np.float64(0.411511304956109), 'gamma': np.float64(0.025764174425233172), 'kernel': 'rbf'}",-0.6315739426750331,-0.5974745466690038,-0.6311953217266748,-0.6588659193390517,-0.6360476658030562,-0.631031479242564,0.019628076919434852,5,-0.4719642629806463,-0.4493035288193338,-0.45767858146902535,-0.48007492801211205,-0.4714229662147221,-0.46608885349916795,0.011054983270429274,20,0.899245964418958,0.9152800587222698,0.9076094087274347,0.8947815692603285,0.9009375116170135,0.9035709025492009,0.0071596939561965455,5,1036.5223135948181,48.52487897872925,-0.6246372042064449
3.598827838897705,0.22265965685367517,1.3884089946746827,0.10995216841489781,0.5575453980775369,0.47607677518095004,0.0041497957898915935,rbf,"{'C': np.float64(0.5575453980775369), 'epsilon': np.float64(0.47607677518095004), 'gamma': np.float64(0.0041497957898915935), 'kernel': 'rbf'}",-0.900151243548625,-0.8659571651164693,-0.8585144234609681,-0.9003701896395447,-0.867419999897153,-0.878482604332552,0.018036587303685823,62,-0.707764843661559,-0.6821889655937227,-0.6680166533555162,-0.7017725209600728,-0.6786419968224514,-0.6876769960786644,0.014835661147054244,69,0.7953343238811938,0.8220329304502768,0.8290790115696574,0.803510228359532,0.8157579448607454,0.8131428878242811,0.012245525707806704,62,1036.5223135948181,48.52487897872925,-0.6246372042064449
4.853797388076782,0.1281821827970569,1.2690842628479004,0.05162652255724871,169.73078532467002,0.4878360603452141,0.0008995191735587172,rbf,"{'C': np.float64(169.73078532467002), 'epsilon': np.float64(0.4878360603452141), 'gamma': np.float64(0.0008995191735587172), 'kernel': 'rbf'}",-0.7940757605053901,-0.7610504081875078,-0.7734877700876874,-0.7987305000013953,-0.7867300154112326,-0.7828148908386428,0.013828448124546127,50,-0.6107708215144331,-0.5897373144507637,-0.5853294496292327,-0.6067118763510838,-0.6035643867428463,-0.5992227697376719,0.009912538136732903,54,0.8407285546014904,0.8625408431426328,0.8612582697103583,0.8453683927528884,0.8484411343504321,0.8516674389115604,0.00871735244856839,50,1036.5223135948181,48.52487897872925,-0.6246372042064449
7.72539267539978,0.27797077330715086,2.7590158462524412,0.1643933532997162,0.2755546207779662,0.004828424974818324,0.0019112758217777906,rbf,"{'C': np.float64(0.2755546207779662), 'epsilon': np.float64(0.004828424974818324), 'gamma': np.float64(0.0019112758217777906), 'kernel': 'rbf'}",-1.024328839102786,-1.0030391311439781,-0.9704951257264137,-1.030520047571237,-0.9804541242032777,-1.0017674535495387,0.02353534125634157,84,-0.7678509026736366,-0.7462162191072191,-0.7196035039896019,-0.7650133540006896,-0.7316325780074144,-0.7460633115557125,0.01866651602889605,83,0.7349713385802835,0.7612284482486755,0.7815827570155129,0.7425987671444298,0.7646119224252277,0.7569986466828259,0.01656979482450331,84,1036.5223135948181,48.52487897872925,-0.6246372042064449
5.74404821395874,0.33406625088746367,1.8500266551971436,0.10626304901417594,187.09365688887334,0.38211294416912245,0.00010491954332267913,rbf,"{'C': np.float64(187.09365688887334), 'epsilon': np.float64(0.38211294416912245), 'gamma': np.float64(0.00010491954332267913), 'kernel': 'rbf'}",-0.9231934947702337,-0.8945276235580494,-0.8970889862597513,-0.9242399826225873,-0.8979132742927362,-0.9073926723006716,0.013379329337229868,66,-0.7172593264422243,-0.6927457089503327,-0.6928934197355167,-0.7114165887800181,-0.6950618493442418,-0.7018753786504668,0.010374499282239704,73,0.7847220673832027,0.8100958996256838,0.8133743843511614,0.7929538128246533,0.8025765710730155,0.8007445470515433,0.010655818051303086,66,1036.5223135948181,48.52487897872925,-0.6246372042064449
8.94592604637146,0.4092084751400175,2.7057743072509766,0.22248764691611544,11.040511903162242,0.01787446325623841,0.00046379219034580355,rbf,"{'C': np.float64(11.040511903162242), 'epsilon': np.float64(0.01787446325623841), 'gamma': np.float64(0.00046379219034580355), 'kernel': 'rbf'}",-0.9457941978173554,-0.9152685041960753,-0.9063848868170108,-0.9542044391707917,-0.9147127325728911,-0.9272729521148249,0.01900799144612867,73,-0.7068167013790639,-0.6776347358032349,-0.6711915649347215,-0.7042098693605272,-0.6774163306904757,-0.6874538404336047,0.014948664899449652,68,0.7740526075314553,0.8011874182558231,0.8094866057222845,0.779311044997589,0.7951200990791486,0.7918315551172601,0.013288353240626523,73,1036.5223135948181,48.52487897872925,-0.6246372042064449
8.188588523864746,0.5268480497781992,2.6630412101745606,0.08217156154716948,0.3016209262796776,0.01030019660098677,0.067410742656407,rbf,"{'C': np.float64(0.3016209262796776), 'epsilon': np.float64(0.01030019660098677), 'gamma': np.float64(0.067410742656407), 'kernel': 'rbf'}",-0.745461189302749,-0.7065444093617917,-0.7315445672489007,-0.7756348564883437,-0.7688058570728065,-0.7455981758949183,0.025153600173540864,36,-0.5153328799409601,-0.4916161070043134,-0.5027390192484329,-0.5314934823778281,-0.5344412323070822,-0.5151245441757233,0.016414431625775182,33,0.8596332906958262,0.8815252617388509,0.8758971421307393,0.8541815866497559,0.8552684299890123,0.8653011422408369,0.01124207845516108,36,1036.5223135948181,48.52487897872925,-0.6246372042064449
7.419713544845581,0.3885731018576614,2.2187357902526856,0.07153265757316334,1.9625093208439854,0.03600575029200902,0.01285454996487902,rbf,"{'C': np.float64(1.9625093208439854), 'epsilon': np.float64(0.03600575029200902), 'gamma': np.float64(0.01285454996487902), 'kernel': 'rbf'}",-0.741427602607616,-0.7025061370248182,-0.7223722756600718,-0.7524370182566659,-0.7416550827698223,-0.7320796232637988,0.017676658956297678,32,-0.5071003888183468,-0.4796699001840896,-0.48043381947134006,-0.5055371369075616,-0.507871880063457,-0.496122625088959,0.013145494286936326,26,0.8611481905594995,0.8828756821884948,0.8789896984974367,0.8627734830312263,0.8653104625500977,0.870219503365351,0.008932253933043767,32,1036.5223135948181,48.52487897872925,-0.6246372042064449
2.157709741592407,0.19396931112722285,0.6063844203948975,0.024690654136246847,2.8478585168562955,0.8228984573308161,0.07715105777813053,rbf,"{'C': np.float64(2.8478585168562955), 'epsilon': np.float64(0.8228984573308161), 'gamma': np.float64(0.07715105777813053), 'kernel': 'rbf'}",-0.7395763699358413,-0.7090830364286755,-0.7326520763517121,-0.7573963267069972,-0.7408677695276948,-0.7359151157901842,0.01568428444433917,34,-0.6113202876543549,-0.5911222998450609,-0.6037211616494391,-0.6231154492724562,-0.6070982656540274,-0.6072754928150677,0.010400527952865982,56,0.8618407088890165,0.8806723684256629,0.8755210909858222,0.8609586032343531,0.8655962734972924,0.8689178090064293,0.007826108876986818,34,1036.5223135948181,48.52487897872925,-0.6246372042064449
8.40629277229309,0.18824842550665505,2.5796288013458253,0.10013741247037533,1.0165510266418727,0.03102740950912839,0.000799162192038436,rbf,"{'C': np.float64(1.0165510266418727), 'epsilon': np.float64(0.03102740950912839), 'gamma': np.float64(0.000799162192038436), 'kernel': 'rbf'}",-1.0132355673521483,-0.9966621359767714,-0.9654282213718381,-1.0235248634530658,-0.9728351454113459,-0.9943371867130338,0.022416693380507134,83,-0.7606129697189297,-0.7432155883107385,-0.7165043178265459,-0.7598330613136723,-0.7265474548410971,-0.7413426784021967,0.01762151511919007,81,0.7406806671916668,0.7642548601693617,0.7838574933655854,0.746081392983289,0.7682560471732156,0.7606260921766237,0.015623382630229362,83,1036.5223135948181,48.52487897872925,-0.6246372042064449
8.869525384902953,0.1908796933726622,2.981544017791748,0.16645118925661104,1.3783578294796377,0.0012902113024567154,0.0067405137963740475,rbf,"{'C': np.float64(1.3783578294796377), 'epsilon': np.float64(0.0012902113024567154), 'gamma': np.float64(0.0067405137963740475), 'kernel': 'rbf'}",-0.8121152543088543,-0.7746593060372235,-0.7743855562868758,-0.8175627063329075,-0.7956809446944985,-0.794880753532072,0.018116839430138348,53,-0.5708482139949909,-0.5388082638278587,-0.5307608886360912,-0.5667746276709993,-0.5558792585893396,-0.5526142505438559,0.015568099928580608,42,0.8334098270235645,0.8575808746819849,0.8609360081205188,0.8379907251539433,0.8449728290875,0.8469780528135024,0.010734375432839796,53,1036.5223135948181,48.52487897872925,-0.6246372042064449
8.775642108917236,0.3136384824402071,2.613970947265625,0.07127288304792836,10.249816559563204,0.0014270403521460836,0.0006853925708853063,rbf,"{'C': np.float64(10.249816559563204), 'epsilon': np.float64(0.0014270403521460836), 'gamma': np.float64(0.0006853925708853063), 'kernel': 'rbf'}",-0.9289042325111397,-0.8931085044191289,-0.888858652686508,-0.9354455032997742,-0.9016114141088537,-0.909585661405081,0.019008591873672678,67,-0.6868868549261768,-0.6555687401523564,-0.6524510253117491,-0.684122245878201,-0.6619509938649832,-0.6681959720266933,0.014486858779323835,65,0.7820504752382094,0.8106979666061713,0.8167830653771733,0.7879029069447276,0.8009470084960446,0.7996762845324652,0.013153066099546959,67,1036.5223135948181,48.52487897872925,-0.6246372042064449
10.920104026794434,0.39886963659859304,2.535645341873169,0.0624954279909188,429.5992790539122,0.005232216089948757,0.000272072480594867,rbf,"{'C': np.float64(429.5992790539122), 'epsilon': np.float64(0.005232216089948757), 'gamma': np.float64(0.000272072480594867), 'kernel': 'rbf'}",-0.8773542734607763,-0.8352997539551412,-0.8399975846684213,-0.8770437011537122,-0.854842062595636,-0.8569074751667374,0.017780006182156406,57,-0.6285895669801358,-0.5949857630371986,-0.5948835502692355,-0.6203232636567442,-0.6094939095043,-0.6096552106895228,0.013459107446782893,57,0.8055696604859778,0.8344109798678012,0.8363725062585541,0.8135595250632377,0.821062372964347,0.8221950089279835,0.01185316863276075,57,1036.5223135948181,48.52487897872925,-0.6246372042064449
2.498549461364746,0.0875023523600027,0.8031371593475342,0.051191135181722844,9.074256288983854,0.9056311714376343,0.0005323114580928892,rbf,"{'C': np.float64(9.074256288983854), 'epsilon': np.float64(0.9056311714376343), 'gamma': np.float64(0.0005323114580928892), 'kernel': 'rbf'}",-0.9347726887394053,-0.9034065225696404,-0.9070653976213828,-0.9276884603902635,-0.900664563141739,-0.9147195264924862,0.013816181121212981,71,-0.7659316816637951,-0.7375118882988004,-0.7366093950224295,-0.7518490172472306,-0.7326163580666105,-0.7449036680597733,0.012367914873473659,82,0.779287935463143,0.806307291152843,0.8092004246658152,0.7914058897821715,0.8013648704471051,0.7975132823022155,0.010938209454277202,71,1036.5223135948181,48.52487897872925,-0.6246372042064449
5.814496326446533,0.3014463428495859,1.9886563777923585,0.04843993309802579,48.81375191603667,0.19268985325226207,0.000516312491048802,rbf,"{'C': np.float64(48.81375191603667), 'epsilon': np.float64(0.19268985325226207), 'gamma': np.float64(0.000516312491048802), 'kernel': 'rbf'}",-0.8890667457037051,-0.8505517742736335,-0.853986377630922,-0.8892875144087545,-0.8659531556402051,-0.8697691135314441,0.01665130022278383,61,-0.6659165628135973,-0.6350700010076421,-0.6341420913306214,-0.6587007786344419,-0.6453022694731795,-0.6478263406518965,0.012663833189185198,63,0.8003438116692793,0.8283086802350499,0.8308772273354652,0.8083176511053507,0.8163805403615085,0.8168455821413307,0.011606377428672448,61,1036.5223135948181,48.52487897872925,-0.6246372042064449
27.896778917312623,0.32582665738561195,2.4192402839660643,0.07969657178344006,81.8211151861841,0.012686721262104845,0.007887102624766478,rbf,"{'C': np.float64(81.8211151861841), 'epsilon': np.float64(0.012686721262104845), 'gamma': np.float64(0.007887102624766478), 'kernel': 'rbf'}",-0.6553939744612222,-0.628011904493626,-0.6648483349837515,-0.6851948621784297,-0.6811277509794686,-0.6629153654192995,0.020526208814604395,16,-0.435038526726361,-0.4163410203356272,-0.4286635798368933,-0.44603411675553395,-0.45310464145360035,-0.4358363770216032,0.01291775033846372,8,0.8915026998183142,0.9063985488807356,0.8974949233414475,0.886204279860975,0.8863977176927129,0.8935996339188371,0.007615004865119816,16,1036.5223135948181,48.52487897872925,-0.6246372042064449
5.926001739501953,0.9462130673641143,2.262095308303833,0.07142318541546523,34.20730367009223,0.0404877881815341,0.00018658181360124853,rbf,"{'C': np.float64(34.20730367009223), 'epsilon': np.float64(0.0404877881815341), 'gamma': np.float64(0.00018658181360124853), 'kernel': 'rbf'}",-0.9567545585026009,-0.9329114677244905,-0.9225975545924718,-0.9647516352143538,-0.9242321252918734,-0.9402494682651581,0.017290261843702824,76,-0.7194781611426513,-0.695046178072474,-0.6861634748321231,-0.7156006497076428,-0.6886449569313537,-0.7009866841372491,0.013876873483374488,72,0.7687854696865014,0.7934488142246545,0.8026101567690476,0.7744053585649575,0.7908335494403683,0.7860166697371059,0.012534111184756,76,1036.5223135948181,48.52487897872925,-0.6246372042064449
8.419812774658203,0.6600542398216223,2.4701775550842284,0.19035217354514666,219.38654178115047,0.009169384722192326,0.0003627066608804413,rbf,"{'C': np.float64(219.38654178115047), 'epsilon': np.float64(0.009169384722192326), 'gamma': np.float64(0.0003627066608804413), 'kernel': 'rbf'}",-0.8784887645110676,-0.8365280123251254,-0.8402817580811858,-0.8787396276802161,-0.85580905126309,-0.8579694427721372,0.018053806061628413,58,-0.6304667746238715,-0.5969466161939332,-0.596521605802103,-0.622813864125926,-0.6110538931801297,-0.6115605507851927,0.013594675526497343,58,0.8050665066279707,0.833923644315399,0.8362617763006006,0.8128377935189791,0.8206573191412795,0.8217494079808458,0.011981231927293584,58,1036.5223135948181,48.52487897872925,-0.6246372042064449
7.239708423614502,0.09538046007415679,2.2708953380584718,0.06978269904348651,0.1455796149025199,0.05924870051994316,0.010781845035122271,rbf,"{'C': np.float64(0.1455796149025199), 'epsilon': np.float64(0.05924870051994316), 'gamma': np.float64(0.010781845035122271), 'kernel': 'rbf'}",-0.9198824307502538,-0.8836439691198315,-0.861407500658231,-0.9264950886393221,-0.8806275055187883,-0.8944112989372854,0.024792447118928265,65,-0.6702992523076516,-0.6382967905702168,-0.6171073229699415,-0.6695122771286091,-0.6386213663520638,-0.6467674018656966,0.020439700420304005,62,0.7862635010748013,0.8146888868919984,0.8279251094831447,0.7919422125199967,0.810104620006649,0.8061848659953179,0.015231775918421252,65,1036.5223135948181,48.52487897872925,-0.6246372042064449
7.680851936340332,0.27136536956660734,2.4892833709716795,0.1344485579389501,0.11650681118986138,0.03437788661779579,0.00047806541413289276,rbf,"{'C': np.float64(0.11650681118986138), 'epsilon': np.float64(0.03437788661779579), 'gamma': np.float64(0.00047806541413289276), 'kernel': 'rbf'}",-1.3368596339115801,-1.327599268681668,-1.3116721915231866,-1.3368170632917435,-1.2788861966212912,-1.3183668708058938,0.021776920927227498,99,-1.073585724608419,-1.0622679092739113,-1.0414484168137097,-1.0795803947903153,-1.0171441834268666,-1.0548053257826444,0.022886529826518964,98,0.548574941387247,0.5817067674848078,0.6010202752830061,0.5668466341047032,0.5995081279850483,0.5795313492489624,0.019923750958390603,99,1036.5223135948181,48.52487897872925,-0.6246372042064449
23.58321318626404,0.6041565888439739,2.387942981719971,0.09812121781378068,38.07949336768558,0.0033350264835699576,0.011825328508422656,rbf,"{'C': np.float64(38.07949336768558), 'epsilon': np.float64(0.0033350264835699576), 'gamma': np.float64(0.011825328508422656), 'kernel': 'rbf'}",-0.6488651108809079,-0.6198982491354557,-0.6600019176573394,-0.679597182294372,-0.6743658628436269,-0.6565456645623403,0.02127393515227148,11,-0.43019712707438357,-0.4104339132686738,-0.4258769159544137,-0.44256420655607137,-0.4488926335186039,-0.43159295927442926,0.013431111067295626,4,0.8936535764826031,0.9088015097794807,0.8989838997107249,0.8880559868847371,0.8886420923919423,0.8956274130498976,0.007679063185155438,11,1036.5223135948181,48.52487897872925,-0.6246372042064449
2.950310468673706,0.1534374272469286,1.1726036071777344,0.046834890771040194,3.5232331631983116,0.6459367085984854,0.000258560889073134,rbf,"{'C': np.float64(3.5232331631983116), 'epsilon': np.float64(0.6459367085984854), 'gamma': np.float64(0.000258560889073134), 'kernel': 'rbf'}",-1.0240274516364465,-1.0159806646514038,-0.997261267182728,-1.031924466764371,-0.9922248110615294,-1.0122837322592957,0.015266797191387823,86,-0.8146161809143407,-0.8073919471632038,-0.7857644722406304,-0.813787088505082,-0.7869253895025048,-0.8016970156651524,0.012787132721931303,92,0.7351272739845229,0.755027285243497,0.7693687741985159,0.7418967030500322,0.7589261677146795,0.7520692408382494,0.012211077702648305,86,1036.5223135948181,48.52487897872925,-0.6246372042064449
9.394696569442749,0.41548501255359716,2.408625364303589,0.05594335144258552,2.3134781612225597,0.002189881242905692,0.05944028113410932,rbf,"{'C': np.float64(2.3134781612225597), 'epsilon': np.float64(0.002189881242905692), 'gamma': np.float64(0.05944028113410932), 'kernel': 'rbf'}",-0.6486556190158632,-0.6119619487806416,-0.6530453880722199,-0.6751704597981756,-0.6655233390051801,-0.6508713509344161,0.02158103300296,9,-0.4325412961600882,-0.41145440912151166,-0.4295686608817508,-0.4438367806742833,-0.4504347094220842,-0.43356717125194366,0.013386511685500833,6,0.8937222351723374,0.9111217147244595,0.9011021301917429,0.8895095866552624,0.8915432747848917,0.8973997883057387,0.007900342142409795,10,1036.5223135948181,48.52487897872925,-0.6246372042064449
101.94314942359924,2.811758964617574,2.2050670623779296,0.06836986418742537,323.11521854410944,0.00594052575570193,0.009548873458201667,rbf,"{'C': np.float64(323.11521854410944), 'epsilon': np.float64(0.00594052575570193), 'gamma': np.float64(0.009548873458201667), 'kernel': 'rbf'}",-0.6204819932220109,-0.5885066168975526,-0.6302299802475438,-0.6515092814859546,-0.6481680293893656,-0.6277791802484856,0.02271744908794942,3,-0.4159199113006869,-0.39903003100145434,-0.4127057616280536,-0.42947695745605385,-0.4358252647367898,-0.4185915852246077,0.012960912026062239,1,0.9027538519140588,0.9178042183676723,0.9078917944332757,0.8971181068686673,0.8971261204073222,0.9045388183981993,0.007751315257424112,3,1036.5223135948181,48.52487897872925,-0.6246372042064449
19.942434978485107,0.49349634813779986,1.817286491394043,0.04018595086712274,185.73288333114846,0.046302286171220994,0.0038810723164094817,rbf,"{'C': np.float64(185.73288333114846), 'epsilon': np.float64(0.046302286171220994), 'gamma': np.float64(0.0038810723164094817), 'kernel': 'rbf'}",-0.6810561947953182,-0.6541636625815277,-0.6840972646871466,-0.7067201620634084,-0.7060097902046635,-0.6864094148664128,0.019341627176118315,22,-0.4551812923041637,-0.44069660045473474,-0.44453569329912085,-0.46195309072143986,-0.473358020128049,-0.4551449393815017,0.01182691131836189,17,0.8828398448670624,0.8984407086372631,0.8914734713780399,0.8789422226472832,0.8779461864244521,0.8859284867908201,0.007865968018781836,22,1036.5223135948181,48.52487897872925,-0.6246372042064449
5.784502983093262,0.36075401106636135,2.2035202503204347,0.04147474179130022,0.9277034327414715,0.0019024283247489587,0.04916400722913765,rbf,"{'C': np.float64(0.9277034327414715), 'epsilon': np.float64(0.0019024283247489587), 'gamma': np.float64(0.04916400722913765), 'kernel': 'rbf'}",-0.6893384793999553,-0.6435791340434662,-0.6818143678293018,-0.7128028622440326,-0.7004347028782327,-0.6855939092789978,0.023469658511199264,21,-0.461897211343631,-0.4338197216411077,-0.4516191444422421,-0.47216993907872773,-0.477673734466167,-0.4594359501943751,0.015608476363539677,19,0.8799729626208465,0.9017006288773518,0.8921965892541316,0.8768493799628507,0.8798661994631687,0.8861171520356699,0.009407671105975894,21,1036.5223135948181,48.52487897872925,-0.6246372042064449
11.189468240737915,0.4720241856612738,1.7571136951446533,0.03741208815174725,399.6430167694249,0.07930569433855142,0.0010401341922663464,rbf,"{'C': np.float64(399.6430167694249), 'epsilon': np.float64(0.07930569433855142), 'gamma': np.float64(0.0010401341922663464), 'kernel': 'rbf'}",-0.7591820392818959,-0.722108860041996,-0.7412350179927076,-0.767875103547933,-0.7663327752131486,-0.7513467592155363,0.01741413514481159,41,-0.5217034262127612,-0.4976297875325423,-0.4961137363651002,-0.5164285361765678,-0.5298442038457167,-0.5123439380265375,0.013345178422397262,32,0.8544185995195492,0.876248014196791,0.8725874931300766,0.8570846403091966,0.856198072552323,0.8633073639415872,0.009185376129431209,41,1036.5223135948181,48.52487897872925,-0.6246372042064449
4.90322642326355,0.2922464550174426,1.619084644317627,0.044912089113286084,2.4936660834465174,0.15061458746961157,0.04912819179585589,rbf,"{'C': np.float64(2.4936660834465174), 'epsilon': np.float64(0.15061458746961157), 'gamma': np.float64(0.04912819179585589), 'kernel': 'rbf'}",-0.6539763000127486,-0.6108799363038706,-0.6499447526285067,-0.6719845800316863,-0.6623328099514626,-0.6498236757856549,0.020887593958990845,8,-0.4508436485934731,-0.42379227089340343,-0.4412295430611435,-0.4561649627416675,-0.4615857710577361,-0.44672323926948476,0.013289309801291746,15,0.8919715704511929,0.9114357290084222,0.9020390276065215,0.8905498533511835,0.8925806685641902,0.8977153697963021,0.007970486652076815,8,1036.5223135948181,48.52487897872925,-0.6246372042064449
39.07202157974243,1.5590623498045448,1.5726170063018798,0.12039760124183777,353.46441441965794,0.2185881616232417,0.008435191341743056,rbf,"{'C': np.float64(353.46441441965794), 'epsilon': np.float64(0.2185881616232417), 'gamma': np.float64(0.008435191341743056), 'kernel': 'rbf'}",-0.6271443540966629,-0.5963480566609054,-0.6279695739655,-0.651518449544553,-0.6465339447520501,-0.6299028758039342,0.019396383519731004,4,-0.4433366677851274,-0.4274220891586255,-0.43266697631973955,-0.45317723798800497,-0.45662910162264897,-0.4426464145748293,0.011298314038799747,12,0.9006542994392095,0.915599222774611,0.9085513269866198,0.897115211333981,0.8976441734918682,0.903912846805258,0.007130345373642271,4,1036.5223135948181,48.52487897872925,-0.6246372042064449
5.5225731372833256,0.40010050370959543,2.282065439224243,0.0653017296192741,0.2170500348871113,0.0030541203184433867,0.049620663324183883,rbf,"{'C': np.float64(0.2170500348871113), 'epsilon': np.float64(0.0030541203184433867), 'gamma': np.float64(0.049620663324183883), 'kernel': 'rbf'}",-0.7763748931721973,-0.7354446514938358,-0.7450180460621049,-0.7966234057208451,-0.779430344604555,-0.7665782682107076,0.02279475942072048,45,-0.5442818523373437,-0.5177738062706223,-0.5168541943072786,-0.5540333180301868,-0.5486071089928637,-0.536310055987659,0.01581773798227929,38,0.8477501028534897,0.871634943263444,0.8712836284216289,0.8461831697155174,0.851240563042395,0.8576184814592951,0.011419514327035767,45,1036.5223135948181,48.52487897872925,-0.6246372042064449
6.7347527027130125,0.16028811984601993,2.4262868881225588,0.10176968837029954,26.6511674905535,0.0010655924993232576,0.00020156477059365003,rbf,"{'C': np.float64(26.6511674905535), 'epsilon': np.float64(0.0010655924993232576), 'gamma': np.float64(0.00020156477059365003), 'kernel': 'rbf'}",-0.9616310762802444,-0.9394521172827923,-0.9270010608379508,-0.9708125955813153,-0.9285084376125222,-0.945481057518965,0.017711228928474685,78,-0.7220284064935057,-0.6994333123936927,-0.6876109342977291,-0.7195160199995867,-0.6905414341822966,-0.7038260214733623,0.014395888849532044,74,0.7664224911958833,0.7905423974192498,0.8007213987896613,0.7715619009119214,0.7888934949288426,0.7836283366491117,0.01272272683464196,78,1036.5223135948181,48.52487897872925,-0.6246372042064449
7.478755903244019,0.1801617738466557,2.4949835777282714,0.013146515350925847,45.08240502480678,0.0010355826161899187,0.0003036855685244968,rbf,"{'C': np.float64(45.08240502480678), 'epsilon': np.float64(0.0010355826161899187), 'gamma': np.float64(0.0003036855685244968), 'kernel': 'rbf'}",-0.9283675198731004,-0.8943245111969395,-0.8928000386070924,-0.9360508309485324,-0.9044755799966813,-0.9112036961244693,0.01778114729202193,68,-0.6888891945637686,-0.6595106408115113,-0.6585039356266219,-0.6856124012920463,-0.6661218087065055,-0.6717275962000906,0.012983468890784737,66,0.7823022610873349,0.8101821294750737,0.8151546182008349,0.7876283216818404,0.7996803290021967,0.7989895318894561,0.012606375855287105,68,1036.5223135948181,48.52487897872925,-0.6246372042064449
7.863641166687012,0.13269896161055358,1.8772274017333985,0.08945007385783713,15.665171630946453,0.11903799220250154,0.009034076805537776,rbf,"{'C': np.float64(15.665171630946453), 'epsilon': np.float64(0.11903799220250154), 'gamma': np.float64(0.009034076805537776), 'kernel': 'rbf'}",-0.6889394783204454,-0.6560156382954515,-0.684345728339762,-0.7107685634337478,-0.7057175775930051,-0.6891573971964824,0.01930211340645072,23,-0.47249433996782736,-0.452756920711674,-0.4573997889155113,-0.47753704701873967,-0.4835336797287569,-0.4687443552685019,0.011784694997299096,22,0.8801118698743022,0.8978648540240538,0.8913946235418758,0.8775513066267371,0.8780471999889541,0.8849939708111846,0.00817451863579969,23,1036.5223135948181,48.52487897872925,-0.6246372042064449
6.835567474365234,0.5663062028098554,2.2936388492584228,0.11262584979815703,0.7890004262668575,0.13694231460024367,0.0005149288946949018,rbf,"{'C': np.float64(0.7890004262668575), 'epsilon': np.float64(0.13694231460024367), 'gamma': np.float64(0.0005149288946949018), 'kernel': 'rbf'}",-1.068507166778807,-1.0614829605746803,-1.027777666595005,-1.081115560035811,-1.0323356333376452,-1.0542437974643897,0.020776739633693617,92,-0.8150155882368558,-0.807945214865005,-0.7773139280636185,-0.8180739492757522,-0.7879483100496366,-0.8012593980981737,0.015920004048280322,91,0.7116174871266445,0.7325929312597762,0.7550380917782142,0.7167030043245324,0.7390413222961085,0.7309985673570552,0.01565321711964615,92,1036.5223135948181,48.52487897872925,-0.6246372042064449
6.025309610366821,0.38990051282656113,1.8182995796203614,0.04766135466175692,2.0026211229345305,0.17356982090814227,0.008889937283707162,rbf,"{'C': np.float64(2.0026211229345305), 'epsilon': np.float64(0.17356982090814227), 'gamma': np.float64(0.008889937283707162), 'kernel': 'rbf'}",-0.7631177938693584,-0.7239280183081797,-0.7370799168084179,-0.7707822448876849,-0.7572321288389393,-0.750428020542516,0.017332297465746646,40,-0.5465881133304886,-0.5172030724510862,-0.5173072995693262,-0.5436172214037128,-0.5424080819231268,-0.5334247577355481,0.013272346369899239,35,0.8529052395118957,0.8756237093847904,0.8740119482559565,0.8560004493160677,0.8595932549123618,0.8636269202762143,0.009393185924287261,40,1036.5223135948181,48.52487897872925,-0.6246372042064449
29.113403034210204,0.7198687522303742,1.8213414669036865,0.07994547747658243,249.39838794891443,0.0939374305615398,0.005069041070711459,rbf,"{'C': np.float64(249.39838794891443), 'epsilon': np.float64(0.0939374305615398), 'gamma': np.float64(0.005069041070711459), 'kernel': 'rbf'}",-0.656462040908875,-0.6283908855796747,-0.6598159799649356,-0.6811328764020977,-0.6798898931623382,-0.6611383352035842,0.01922193753084202,15,-0.44543762951302146,-0.4271784736984902,-0.43500450003004903,-0.45416482017576104,-0.4631002741247061,-0.4449771395084056,0.01287881654647293,13,0.8911487852123098,0.906285545026196,0.899040808802417,0.8875494927397334,0.8868102561361936,0.8941669775833698,0.007451655506179959,15,1036.5223135948181,48.52487897872925,-0.6246372042064449
5.918028450012207,0.9865799681947081,2.350489616394043,0.08100033261815677,0.23697311169867327,0.012680822080429411,0.0006246073681318092,rbf,"{'C': np.float64(0.23697311169867327), 'epsilon': np.float64(0.012680822080429411), 'gamma': np.float64(0.0006246073681318092), 'kernel': 'rbf'}",-1.1400586299343387,-1.134368339161921,-1.1063847746482742,-1.151381835557944,-1.1008733706929434,-1.126613389999084,0.019627200929977096,94,-0.889760820164385,-0.8834955313343342,-0.856810238570017,-0.8988004750297007,-0.8590684879389834,-0.877587110607484,0.016779351996847835,94,0.6717018648604327,0.6946098519662269,0.7161345182870922,0.6786809456152791,0.7032404937542618,0.6928735348966585,0.016132149167696726,94,1036.5223135948181,48.52487897872925,-0.6246372042064449
2.322132110595703,0.1637385494156722,0.8323359012603759,0.04906992459358532,0.9461469059966104,0.8299112738466027,0.0015110998901295227,rbf,"{'C': np.float64(0.9461469059966104), 'epsilon': np.float64(0.8299112738466027), 'gamma': np.float64(0.0015110998901295227), 'kernel': 'rbf'}",-0.9691181635952902,-0.9398541957974373,-0.9323539134480681,-0.9634549241913855,-0.9284074954265948,-0.9466377384917551,0.016556407335352807,79,-0.792169974378032,-0.770212802159309,-0.7594166654747347,-0.7852719384835397,-0.7533768519777113,-0.7720896464946654,0.014773544335790792,89,0.7627711466677864,0.790363066461127,0.7984133350448543,0.7750113890786555,0.7889393930443476,0.7830996660593541,0.012649401405782393,79,1036.5223135948181,48.52487897872925,-0.6246372042064449
132.71989278793336,3.361658089975421,2.046776866912842,0.09599389127083957,369.9867920489092,0.07823766455329705,0.02423449144702317,rbf,"{'C': np.float64(369.9867920489092), 'epsilon': np.float64(0.07823766455329705), 'gamma': np.float64(0.02423449144702317), 'kernel': 'rbf'}",-0.6525528026141494,-0.6139176536057462,-0.6517970283971813,-0.6753865911074263,-0.6607266601486294,-0.6508761471746265,0.020334128504579777,10,-0.45641257503130256,-0.4379175997117078,-0.4491992910533186,-0.4609736705766823,-0.4752954733201042,-0.455959721938623,0.012413199737062348,18,0.8924413453511384,0.9105527334740996,0.9014798745625678,0.8894388363445022,0.8931010182792365,0.897402761602309,0.007695314972975529,9,1036.5223135948181,48.52487897872925,-0.6246372042064449
5.711352205276489,0.0548338366395488,1.985136127471924,0.06373907337405639,10.245858939867313,0.05379125214937586,0.0030029844369151297,rbf,"{'C': np.float64(10.245858939867313), 'epsilon': np.float64(0.05379125214937586), 'gamma': np.float64(0.0030029844369151297), 'kernel': 'rbf'}",-0.7945404966446326,-0.7554816967936461,-0.7667891837495132,-0.7995052435903456,-0.7849342761203131,-0.7802501793796901,0.01668285083872358,49,-0.5577295046615013,-0.5255008724005372,-0.5258492204815142,-0.5525566075325367,-0.5488576239240334,-0.5420987658000245,0.013703331000581562,40,0.8405420714966537,0.8645450989404949,0.8636509362741251,0.8450682716296447,0.8491322217550583,0.8525877200191954,0.00978727628337998,49,1036.5223135948181,48.52487897872925,-0.6246372042064449
4.439269924163819,0.22247281633357652,1.9393712043762208,0.02393026784532493,0.603909624754578,0.14701320504898963,0.0006955319544158293,rbf,"{'C': np.float64(0.603909624754578), 'epsilon': np.float64(0.14701320504898963), 'gamma': np.float64(0.0006955319544158293), 'kernel': 'rbf'}",-1.0545399889765632,-1.044151161845315,-1.0094524978367563,-1.0651313651494436,-1.0143590603046606,-1.0375268148225478,0.02200115174550101,91,-0.803805698572516,-0.7936345755317842,-0.7627399276640929,-0.8050412241646256,-0.7721579970513665,-0.787475884596877,0.01708589299321786,90,0.7191074962244295,0.7412540377054552,0.7636955077416002,0.7250181178867923,0.7480505979216022,0.7394251514959758,0.016044706767327555,91,1036.5223135948181,48.52487897872925,-0.6246372042064449
4.841124773025513,0.11756684814971194,2.243944501876831,0.06958626490841031,0.12510188850164433,0.08638073353835189,0.00033988503110784585,rbf,"{'C': np.float64(0.12510188850164433), 'epsilon': np.float64(0.08638073353835189), 'gamma': np.float64(0.00033988503110784585), 'kernel': 'rbf'}",-1.4072476451239337,-1.3965521684618296,-1.3833668862601274,-1.403346643474276,-1.344379418311042,-1.3869785523262417,0.022795328500381237,100,-1.135969515726494,-1.12313898448968,-1.1031180910613205,-1.1400269093574833,-1.0746291651602566,-1.1153765331590468,0.02409392051908619,100,0.49978685060183226,0.5371277378534121,0.55621261256864,0.5226601928000898,0.5574385139401287,0.5346451815528206,0.02167762145539845,100,1036.5223135948181,48.52487897872925,-0.6246372042064449
12.819249391555786,0.5190450001097865,0.6422385215759278,0.020485753940542147,577.8755734457452,0.7274208264938343,0.05553837526912239,rbf,"{'C': np.float64(577.8755734457452), 'epsilon': np.float64(0.7274208264938343), 'gamma': np.float64(0.05553837526912239), 'kernel': 'rbf'}",-0.750590338133598,-0.7233553684171792,-0.7570479490971005,-0.7644863184361219,-0.769730317034325,-0.753042058223665,0.01620386817212741,42,-0.5716413657218548,-0.5680645754584236,-0.5782575169171854,-0.5926197148679961,-0.592757954980245,-0.580668225589141,0.010345504963170337,50,0.8576950580871373,0.8758204026946801,0.8670932683295924,0.8583432844926783,0.8549201522430669,0.8627744331694309,0.007693822413946586,42,1036.5223135948181,48.52487897872925,-0.6246372042064449
9.55000057220459,0.47981858841097536,2.2610442638397217,0.10586717211440844,3.0243691612726464,0.0011126788925493287,0.06094747077200006,rbf,"{'C': np.float64(3.0243691612726464), 'epsilon': np.float64(0.0011126788925493287), 'gamma': np.float64(0.06094747077200006), 'kernel': 'rbf'}",-0.6421159763750188,-0.60521212047718,-0.6478881519827374,-0.6682765783767758,-0.6587450867864127,-0.644447582799625,0.021582099336937235,6,-0.4282860407032642,-0.4081273713349505,-0.42657885779478694,-0.4388577677062289,-0.44540652511784445,-0.42945131253141494,0.012707238334364207,3,0.8958543837237088,0.913071524514072,0.9026579966832594,0.8917544095969981,0.8937412543779493,0.8994159137791975,0.007753343899111057,6,1036.5223135948181,48.52487897872925,-0.6246372042064449
1.8112096309661865,0.07618770037748158,0.5490579605102539,0.011693899601428243,5.161032492347068,0.794263229180113,0.07777856590163648,rbf,"{'C': np.float64(5.161032492347068), 'epsilon': np.float64(0.794263229180113), 'gamma': np.float64(0.07777856590163648), 'kernel': 'rbf'}",-0.7216758491517989,-0.6933084629036159,-0.7164230784451073,-0.7382525514958765,-0.7222208598133122,-0.7183761603619422,0.014511681979194967,27,-0.5889665283807972,-0.5688886878553822,-0.5818189782651947,-0.5964519492777327,-0.5840746550465492,-0.5840401597651312,0.009086512695798741,51,0.8684477178040788,0.8859225427835165,0.8809746851763386,0.8678985312946931,0.8722767495234356,0.8751040453164125,0.007151559684157271,27,1036.5223135948181,48.52487897872925,-0.6246372042064449
16.707851457595826,0.44335225171861314,2.1335166931152343,0.05099175506205754,258.2485084490612,0.00764445760039974,0.001429858909444399,rbf,"{'C': np.float64(258.2485084490612), 'epsilon': np.float64(0.00764445760039974), 'gamma': np.float64(0.001429858909444399), 'kernel': 'rbf'}",-0.751651660175951,-0.7178161493277084,-0.7357969896375878,-0.763222233066554,-0.7622511738036365,-0.7461476412022875,0.017268289400456514,37,-0.5054136011146536,-0.48587366490018863,-0.48334654107602354,-0.502557288512993,-0.5167545226760355,-0.4987891236559788,0.012538905546747182,29,0.8572923400082819,0.8777149743808261,0.8744501445090672,0.8588113586319933,0.8577258137594266,0.865198926257919,0.008959899959923133,37,1036.5223135948181,48.52487897872925,-0.6246372042064449
6.84338345527649,0.45125620182534354,2.2942803859710694,0.10958841264325211,253.83218374507246,0.008928243277966444,0.00032246177486423735,rbf,"{'C': np.float64(253.83218374507246), 'epsilon': np.float64(0.008928243277966444), 'gamma': np.float64(0.00032246177486423735), 'kernel': 'rbf'}",-0.8829770750195016,-0.8415462121934975,-0.8442483755264952,-0.8830493252577177,-0.8597989939519639,-0.8623239963898353,0.01800504893956758,60,-0.6347160685007783,-0.6011750873076533,-0.6006137054020185,-0.6270385075940205,-0.6152790123699269,-0.6157644762348795,0.013630102228257019,60,0.8030695383660417,0.8319251360415245,0.8347122487383931,0.8109974520554079,0.8189811623602321,0.8199371075123197,0.01206120877850978,60,1036.5223135948181,48.52487897872925,-0.6246372042064449
2.7054233074188234,0.14649595670503263,0.7185180187225342,0.013075743640456746,16.87349510456893,0.6433752092130683,0.012248682856804872,rbf,"{'C': np.float64(16.87349510456893), 'epsilon': np.float64(0.6433752092130683), 'gamma': np.float64(0.012248682856804872), 'kernel': 'rbf'}",-0.6868913937262627,-0.6527984304038418,-0.6774145833372152,-0.7018860621951825,-0.6891104943354097,-0.6816201927995824,0.016388879017266877,20,-0.5335490958186513,-0.5125545174634539,-0.5204432008021169,-0.542588402842487,-0.530803799335064,-0.5279878032523546,0.010460809277595799,34,0.8808236190682844,0.8988641724822969,0.8935834224377874,0.8805926748601192,0.8837193009026305,0.8875166379502236,0.007385525699031676,20,1036.5223135948181,48.52487897872925,-0.6246372042064449
12.16456880569458,0.14432428805097886,2.336099624633789,0.0351682470965501,19.065345519393503,0.001956723592144734,0.006998769331752384,rbf,"{'C': np.float64(19.065345519393503), 'epsilon': np.float64(0.001956723592144734), 'gamma': np.float64(0.006998769331752384), 'kernel': 'rbf'}",-0.7091176967691627,-0.6761810820729793,-0.7059111758814137,-0.7279598600382536,-0.7250549865129533,-0.7088449602549526,0.018459440722048477,26,-0.47166051971644235,-0.45319783757885657,-0.45734741821556424,-0.47405231075854337,-0.4841755384714852,-0.46808672494817827,0.011350963129952995,21,0.8729862640378703,0.8914892259643807,0.8844419195528024,0.8715563618092941,0.8712723639123995,0.8783492270553493,0.008182503965410865,26,1036.5223135948181,48.52487897872925,-0.6246372042064449
129.6247333049774,4.194657447008297,2.18534460067749,0.0721131925502322,912.4632886689898,0.00263179492857158,0.003589128083678789,rbf,"{'C': np.float64(912.4632886689898), 'epsilon': np.float64(0.00263179492857158), 'gamma': np.float64(0.003589128083678789), 'kernel': 'rbf'}",-0.6498084389063943,-0.6266550597592955,-0.6591687463199506,-0.6763342512352224,-0.683429188958351,-0.6590791370358426,0.020139208800393073,13,-0.42938905629438057,-0.41564496161753584,-0.42394735330620825,-0.43955179231747776,-0.45215354605019126,-0.43213734191715875,0.01266688673584221,5,0.8933441362524754,0.9068025712823561,0.8992387795647,0.8891283536837588,0.8856287274225472,0.8948285136411673,0.007512120448331504,12,1036.5223135948181,48.52487897872925,-0.6246372042064449
54.695450353622434,1.868606421317243,1.461607027053833,0.047522809593287176,323.2155805617894,0.16684217902257087,0.012332389221028014,rbf,"{'C': np.float64(323.2155805617894), 'epsilon': np.float64(0.16684217902257087), 'gamma': np.float64(0.012332389221028014), 'kernel': 'rbf'}",-0.6187413243900854,-0.5904128012624233,-0.6253186766430715,-0.6502785504312496,-0.6384346683053947,-0.6246372042064449,0.0202700972476587,1,-0.4330165934277109,-0.41727661801861105,-0.42589245796373637,-0.44496694468907727,-0.45025409637437597,-0.43428134209470226,0.012086724859457772,7,0.9032987054485963,0.9172708885644383,0.9093217763107887,0.8975064370091177,0.9001925796679885,0.905518077400186,0.007072052253427351,1,1036.5223135948181,48.52487897872925,-0.6246372042064449
5.630062103271484,0.20553764982078968,2.0346198081970215,0.09739842086233812,64.55595882939564,0.011980458901470975,0.0007599334001601102,rbf,"{'C': np.float64(64.55595882939564), 'epsilon': np.float64(0.011980458901470975), 'gamma': np.float64(0.0007599334001601102), 'kernel': 'rbf'}",-0.8591526067731082,-0.8189362143986963,-0.8223829771313563,-0.8598653166414412,-0.8360562328665521,-0.839278669562231,0.017483977929994274,56,-0.6130400903970685,-0.580658707719342,-0.5793371674731139,-0.6052021478254812,-0.5934594950980508,-0.5943395217026113,0.013271907672058584,53,0.8135533145140228,0.8408352166473676,0.8431630355541273,0.8207915034975739,0.8288405491212334,0.8294367238668651,0.011364112129277265,56,1036.5223135948181,48.52487897872925,-0.6246372042064449
36.69555869102478,1.7403234736356548,1.3023481369018555,0.03962534595528659,172.76056747028196,0.269364391631794,0.03992242886631505,rbf,"{'C': np.float64(172.76056747028196), 'epsilon': np.float64(0.269364391631794), 'gamma': np.float64(0.03992242886631505), 'kernel': 'rbf'}",-0.6726886113163819,-0.6371980636222504,-0.665518034825642,-0.6934392247993431,-0.6754802364347054,-0.6688648341996646,0.018309947658952077,18,-0.48889736866098177,-0.4692370239177251,-0.4709689089631581,-0.49114557895425565,-0.5049085779608664,-0.4850314916913974,0.01337644998949923,23,0.8857010625478485,0.9036402368196017,0.8972883131890248,0.8834493926001119,0.8882737557079784,0.8916705521729131,0.007610428196950872,18,1036.5223135948181,48.52487897872925,-0.6246372042064449
40.43082342147827,0.5409042623916805,1.9481010913848877,0.09166252002960615,449.74071937498377,0.03420008587735001,0.0031955740374573238,rbf,"{'C': np.float64(449.74071937498377), 'epsilon': np.float64(0.03420008587735001), 'gamma': np.float64(0.0031955740374573238), 'kernel': 'rbf'}",-0.6717224465218369,-0.6464689633499444,-0.6769127161767167,-0.69868547137567,-0.7000164785205825,-0.67876121518895,0.01972061330523071,19,-0.4471256449706864,-0.4327969447086319,-0.43740020079098807,-0.45462837331792855,-0.4659418438989727,-0.44757860153744156,0.011909746783175109,16,0.8860291558218218,0.900815870012207,0.8937410429067341,0.8816791834976002,0.8800096186328059,0.8884549741742338,0.007795565826231211,19,1036.5223135948181,48.52487897872925,-0.6246372042064449
38.45790319442749,1.0597515681604464,1.948172426223755,0.11319351078313125,156.0201588966884,0.08910289040644938,0.012761467881730224,rbf,"{'C': np.float64(156.0201588966884), 'epsilon': np.float64(0.08910289040644938), 'gamma': np.float64(0.012761467881730224), 'kernel': 'rbf'}",-0.621128654961643,-0.5878001246685775,-0.6265501872685562,-0.6485391375404036,-0.643427608695826,-0.6254891426270013,0.021418181871913206,2,-0.4223263725430648,-0.4054300178067111,-0.4180991935815554,-0.43465796879740126,-0.44137987123989997,-0.42437868479372653,0.012628539078203091,2,0.9025510478574992,0.9180014491986496,0.9089642588928969,0.8980540183131256,0.8986253680049667,0.9052392284534276,0.007474581457621378,2,1036.5223135948181,48.52487897872925,-0.6246372042064449
3.934490966796875,0.07811303485140471,1.0425472736358643,0.024700833711256382,152.46518242848595,0.46775240101761445,0.001032726855012838,rbf,"{'C': np.float64(152.46518242848595), 'epsilon': np.float64(0.46775240101761445), 'gamma': np.float64(0.001032726855012838), 'kernel': 'rbf'}",-0.7844753148845541,-0.7520212976321438,-0.7647104797417165,-0.7902224430014663,-0.7786633542672249,-0.7740185779054211,0.013885269681205679,46,-0.6002857839799763,-0.5800065158143529,-0.574074091033027,-0.5964953496255658,-0.5940653743839875,-0.5889854229673819,0.010127898671892089,52,0.8445564853593496,0.8657831290607798,0.8643891969958669,0.8486451114513109,0.8515331893521443,0.8549814224438903,0.008554549076655068,46,1036.5223135948181,48.52487897872925,-0.6246372042064449
7.310562229156494,0.13653761917159093,2.4943951606750487,0.023656614566181264,3.1793021999395377,0.0019140171266136662,0.00543050756450092,rbf,"{'C': np.float64(3.1793021999395377), 'epsilon': np.float64(0.0019140171266136662), 'gamma': np.float64(0.00543050756450092), 'kernel': 'rbf'}",-0.7906473441295137,-0.7553718292749104,-0.7615853239890329,-0.7991573170105932,-0.781976326881749,-0.7777476282571597,0.01676040449102288,47,-0.5499117489326238,-0.519868170182461,-0.5155582305467548,-0.5465073035735831,-0.5420027044015228,-0.5347696315273891,0.014216226543169253,37,0.8421008922996427,0.8645844937049564,0.8654953382268606,0.8452030878492767,0.8502671406925173,0.8535301905546507,0.00975683728907267,47,1036.5223135948181,48.52487897872925,-0.6246372042064449
6.664895868301391,0.06091762226018199,2.370230770111084,0.036426619923164635,0.13924162890248676,0.024934120524149565,0.004245549454254907,rbf,"{'C': np.float64(0.13924162890248676), 'epsilon': np.float64(0.024934120524149565), 'gamma': np.float64(0.004245549454254907), 'kernel': 'rbf'}",-1.008858427260928,-0.9823652730055764,-0.9517679702731755,-1.0157470597606897,-0.9665940578212082,-0.9850665576243156,0.024350245909618082,82,-0.7494944730171464,-0.7235602641528842,-0.7007872294132329,-0.7492896664094645,-0.7165053665298831,-0.7279273999045223,0.019013724770566728,79,0.7429163275635939,0.7709697577516222,0.789930803289571,0.7499258043298515,0.7712199510521188,0.7649925287973514,0.016797561940074236,82,1036.5223135948181,48.52487897872925,-0.6246372042064449
6.638241243362427,0.16388727600191558,2.416103982925415,0.0699315760658571,1.4001191914113749,0.05922427891922456,0.00012345274466024468,rbf,"{'C': np.float64(1.4001191914113749), 'epsilon': np.float64(0.05922427891922456), 'gamma': np.float64(0.00012345274466024468), 'kernel': 'rbf'}",-1.1511301055534917,-1.1639994756438097,-1.1484694695730913,-1.170096433904291,-1.1493865823277154,-1.15661641340048,0.008774545979494433,95,-0.8959328029614696,-0.8985083257071503,-0.8744528134509644,-0.9089718889359599,-0.8821019052065658,-0.8919935472524221,0.012261697148725912,95,0.6652944858180831,0.6784471237728038,0.6941284294898301,0.6681505941566694,0.6765090371430269,0.6765059340760826,0.01009781014761093,95,1036.5223135948181,48.52487897872925,-0.6246372042064449
5.80304741859436,0.17097587306933018,2.0286586761474608,0.021688464114055866,0.1410563867753527,0.29363084977630116,0.001203848744682296,rbf,"{'C': np.float64(0.1410563867753527), 'epsilon': np.float64(0.29363084977630116), 'gamma': np.float64(0.001203848744682296), 'kernel': 'rbf'}",-1.1045280506684576,-1.0932955937592117,-1.0636767205731603,-1.1104340931459613,-1.0588899209806069,-1.0861648758254796,0.021103025974278006,93,-0.8767591445092124,-0.8677077554510025,-0.8382600149352686,-0.8808547467508867,-0.8381353744890764,-0.8603434072270894,0.018575780131915513,93,0.6918461895285452,0.7163243720726533,0.7376267754700405,0.7011293229479743,0.7254436227992019,0.714474056563683,0.01643110297861396,93,1036.5223135948181,48.52487897872925,-0.6246372042064449
7.076632356643676,0.10482476047232014,2.3449326038360594,0.04567318436573318,0.32228645289680324,0.0368748090579253,0.020416470207182777,rbf,"{'C': np.float64(0.32228645289680324), 'epsilon': np.float64(0.0368748090579253), 'gamma': np.float64(0.020416470207182777), 'kernel': 'rbf'}",-0.7960377210988436,-0.754305914595058,-0.7559064038627966,-0.8036056905073671,-0.7790667881572755,-0.7777845036442681,0.020156652925647674,48,-0.5637155432143057,-0.5280795831673369,-0.5229606409108117,-0.5617914891065942,-0.5499219221413573,-0.5452938357080812,0.016900018577063948,41,0.8399405433059055,0.8649663971053341,0.8674937836694452,0.8434749901673323,0.851379304983097,0.8534510038462229,0.011100894344041337,48,1036.5223135948181,48.52487897872925,-0.6246372042064449
6.697230672836303,0.6575073510198282,2.175216627120972,0.2541323925765628,0.7299348683062306,0.0739045926295465,0.00018031937565301124,rbf,"{'C': np.float64(0.7299348683062306), 'epsilon': np.float64(0.0739045926295465), 'gamma': np.float64(0.00018031937565301124), 'kernel': 'rbf'}",-1.1718867705855316,-1.1759827898328508,-1.1571570535602576,-1.1847638251333448,-1.1518072805908672,-1.1683195439405705,0.012158296425977063,96,-0.9228043356212449,-0.9217711887170466,-0.8976673863484694,-0.9330481623137467,-0.8984862037834798,-0.9147554553567975,0.014179695096126866,96,0.6531151393647202,0.6717923033399962,0.6894834031667298,0.6597788538168343,0.675145007613502,0.6698629414603565,0.01263932653519887,96,1036.5223135948181,48.52487897872925,-0.6246372042064449
