mean_fit_time,std_fit_time,mean_score_time,std_score_time,param_colsample_bytree,param_gamma,param_learning_rate,param_max_depth,param_min_child_weight,param_n_estimators,param_reg_alpha,param_reg_lambda,param_subsample,params,split0_test_score,split1_test_score,split2_test_score,split3_test_score,split4_test_score,mean_test_score,std_test_score,rank_test_score,total_hpo_time_s,final_model_training_time_s
6.2974138259887695,0.3567100651908218,0.07260637283325196,0.04391064013335645,0.749816047538945,0.4753571532049581,0.11479909127171077,10,5,1114,0.44583275285359114,0.09997491581800289,0.7836995567863468,"{'colsample_bytree': np.float64(0.749816047538945), 'gamma': np.float64(0.4753571532049581), 'learning_rate': np.float64(0.11479909127171077), 'max_depth': 10, 'min_child_weight': 5, 'n_estimators': 1114, 'reg_alpha': np.float64(0.44583275285359114), 'reg_lambda': np.float64(0.09997491581800289), 'subsample': np.float64(0.7836995567863468)}",-0.2604785126227904,-0.2803375445975129,-0.2928053530059262,-0.3032330851141445,-0.2662342980273396,-0.2806177586735427,0.015953320263868257,60,397.50853204727173,3.6126084327697754
8.823262262344361,1.1075528137370898,0.13648910522460939,0.05023937468395701,0.7334834444556088,0.07143340896097039,0.10263327094232794,10,2,843,0.8324426408004217,0.21233911067827616,0.6727299868828402,"{'colsample_bytree': np.float64(0.7334834444556088), 'gamma': np.float64(0.07143340896097039), 'learning_rate': np.float64(0.10263327094232794), 'max_depth': 10, 'min_child_weight': 2, 'n_estimators': 843, 'reg_alpha': np.float64(0.8324426408004217), 'reg_lambda': np.float64(0.21233911067827616), 'subsample': np.float64(0.6727299868828402)}",-0.2803605633370522,-0.286576423254563,-0.2917284345365036,-0.3085433157335086,-0.2807187193642726,-0.28958549124518,0.010361126810829619,94,397.50853204727173,3.6126084327697754
6.340026044845581,0.567967865248914,0.07850322723388672,0.015731219990849758,0.6733618039413735,0.15212112147976886,0.08371346474483568,9,9,1060,0.5247746602583891,0.3998609717152555,0.6186662652854461,"{'colsample_bytree': np.float64(0.6733618039413735), 'gamma': np.float64(0.15212112147976886), 'learning_rate': np.float64(0.08371346474483568), 'max_depth': 9, 'min_child_weight': 9, 'n_estimators': 1060, 'reg_alpha': np.float64(0.5247746602583891), 'reg_lambda': np.float64(0.3998609717152555), 'subsample': np.float64(0.6186662652854461)}",-0.2565036065030105,-0.28847577890873716,-0.28732798500953427,-0.3007627930172019,-0.27358372150221044,-0.2813307769881389,0.015106462633261875,64,397.50853204727173,3.6126084327697754
24.152986526489258,0.44396382985638,0.1463681697845459,0.020726571661344596,0.9895022075365837,0.11638567021515211,0.01859096517992312,11,3,1375,0.5142344384136116,0.5924145688620425,0.6185801650879991,"{'colsample_bytree': np.float64(0.9895022075365837), 'gamma': np.float64(0.11638567021515211), 'learning_rate': np.float64(0.01859096517992312), 'max_depth': 11, 'min_child_weight': 3, 'n_estimators': 1375, 'reg_alpha': np.float64(0.5142344384136116), 'reg_lambda': np.float64(0.5924145688620425), 'subsample': np.float64(0.6185801650879991)}",-0.2564250174651657,-0.2724873348350211,-0.2860434501187381,-0.2951092536393473,-0.26449169288726987,-0.2749113497891084,0.014057514424202852,31,397.50853204727173,3.6126084327697754
18.406530570983886,2.9795793588796484,0.10206165313720703,0.010311418799140007,0.8430179407605753,0.08526206184364576,0.014757738947791928,9,9,815,0.5632882178455393,0.3854165025399161,0.6063865008880857,"{'colsample_bytree': np.float64(0.8430179407605753), 'gamma': np.float64(0.08526206184364576), 'learning_rate': np.float64(0.014757738947791928), 'max_depth': 9, 'min_child_weight': 9, 'n_estimators': 815, 'reg_alpha': np.float64(0.5632882178455393), 'reg_lambda': np.float64(0.3854165025399161), 'subsample': np.float64(0.6063865008880857)}",-0.25501395396348914,-0.26940443545050713,-0.2801486243411136,-0.2911316542131807,-0.26365589279032203,-0.27187091215172254,0.012627143727970233,13,397.50853204727173,3.6126084327697754
5.081860780715942,0.04561130124768244,0.058912801742553714,0.011801135975824351,0.6923575302488596,0.12051273301300586,0.10748952782381874,9,8,1442,0.17336465350777208,0.3910606075732408,0.672894435115225,"{'colsample_bytree': np.float64(0.6923575302488596), 'gamma': np.float64(0.12051273301300586), 'learning_rate': np.float64(0.10748952782381874), 'max_depth': 9, 'min_child_weight': 8, 'n_estimators': 1442, 'reg_alpha': np.float64(0.17336465350777208), 'reg_lambda': np.float64(0.3910606075732408), 'subsample': np.float64(0.672894435115225)}",-0.2671393033249507,-0.2972226517751637,-0.29198265923372424,-0.30403571578540295,-0.2824469709584354,-0.2885654602155354,0.01282551466504347,93,397.50853204727173,3.6126084327697754
5.27525897026062,0.13765576698076165,0.042613887786865236,0.004458389686485916,0.902144564127061,0.21257793724562235,0.03619124943022832,9,6,976,0.9695846277645586,0.7751328233611146,0.9757995766256756,"{'colsample_bytree': np.float64(0.902144564127061), 'gamma': np.float64(0.21257793724562235), 'learning_rate': np.float64(0.03619124943022832), 'max_depth': 9, 'min_child_weight': 6, 'n_estimators': 976, 'reg_alpha': np.float64(0.9695846277645586), 'reg_lambda': np.float64(0.7751328233611146), 'subsample': np.float64(0.9757995766256756)}",-0.25830894704730134,-0.2747539592361019,-0.29004450533518217,-0.29664133073672705,-0.2608971135586222,-0.27612917118278696,0.015269920692277592,45,397.50853204727173,3.6126084327697754
2.635914421081543,0.26222031770738535,0.027909326553344726,0.002161798100404129,0.9579309401710595,0.29894998940554257,0.14328113525346753,11,7,751,0.045227288910538066,0.32533033076326434,0.7554709158757928,"{'colsample_bytree': np.float64(0.9579309401710595), 'gamma': np.float64(0.29894998940554257), 'learning_rate': np.float64(0.14328113525346753), 'max_depth': 11, 'min_child_weight': 7, 'n_estimators': 751, 'reg_alpha': np.float64(0.045227288910538066), 'reg_lambda': np.float64(0.32533033076326434), 'subsample': np.float64(0.7554709158757928)}",-0.26906094476561015,-0.2877828099995658,-0.2971160365965967,-0.3080877998794468,-0.2776012837252408,-0.28792977499329203,0.01380916691404559,91,397.50853204727173,3.6126084327697754
2.3800330638885496,0.05584429076568771,0.028415727615356445,0.002302008967324306,0.7085396127095583,0.41436875457596467,0.05851299900403839,9,9,656,0.8021969807540397,0.07455064367977082,0.9947547746402069,"{'colsample_bytree': np.float64(0.7085396127095583), 'gamma': np.float64(0.41436875457596467), 'learning_rate': np.float64(0.05851299900403839), 'max_depth': 9, 'min_child_weight': 9, 'n_estimators': 656, 'reg_alpha': np.float64(0.8021969807540397), 'reg_lambda': np.float64(0.07455064367977082), 'subsample': np.float64(0.9947547746402069)}",-0.2572753269060363,-0.2726094620618415,-0.2880822660179231,-0.2916664694088512,-0.26492564703041893,-0.2749118342850142,0.013192795885867008,32,397.50853204727173,3.6126084327697754
26.00280604362488,0.29001949572680524,0.14361987113952637,0.013185744890498683,0.908897907718663,0.0993578407670862,0.00582831756854036,8,3,1092,0.71134195274865,0.7901755405312056,0.8423839899124046,"{'colsample_bytree': np.float64(0.908897907718663), 'gamma': np.float64(0.0993578407670862), 'learning_rate': np.float64(0.00582831756854036), 'max_depth': 8, 'min_child_weight': 3, 'n_estimators': 1092, 'reg_alpha': np.float64(0.71134195274865), 'reg_lambda': np.float64(0.7901755405312056), 'subsample': np.float64(0.8423839899124046)}",-0.2526350957311769,-0.267462540222875,-0.283799057849465,-0.2891043914136178,-0.2596142896728669,-0.2705230749780004,0.013927421247593424,7,397.50853204727173,3.6126084327697754
3.305146074295044,0.049479525329903615,0.043947458267211914,0.0047040828899321515,0.9705203514053395,0.32553851275097223,0.14224395133156711,6,8,1279,0.3308980248526492,0.06355835028602363,0.7243929286862649,"{'colsample_bytree': np.float64(0.9705203514053395), 'gamma': np.float64(0.32553851275097223), 'learning_rate': np.float64(0.14224395133156711), 'max_depth': 6, 'min_child_weight': 8, 'n_estimators': 1279, 'reg_alpha': np.float64(0.3308980248526492), 'reg_lambda': np.float64(0.06355835028602363), 'subsample': np.float64(0.7243929286862649)}",-0.2651456609604878,-0.28205612649773076,-0.29163656341419203,-0.30762955067151854,-0.28144313335435706,-0.28558220697965725,0.013928088044938239,86,397.50853204727173,3.6126084327697754
3.4534265041351317,0.11305602148265788,0.0492825984954834,0.006149155518221903,0.7300733288106989,0.36480308916903204,0.10063362070328197,8,3,1460,0.38292687475378984,0.9717120953891037,0.9395655297064336,"{'colsample_bytree': np.float64(0.7300733288106989), 'gamma': np.float64(0.36480308916903204), 'learning_rate': np.float64(0.10063362070328197), 'max_depth': 8, 'min_child_weight': 3, 'n_estimators': 1460, 'reg_alpha': np.float64(0.38292687475378984), 'reg_lambda': np.float64(0.9717120953891037), 'subsample': np.float64(0.9395655297064336)}",-0.2631021925805993,-0.27824945335543055,-0.2891274057325738,-0.28984568869108907,-0.2656457218433503,-0.2771940924406086,0.01127410435986867,47,397.50853204727173,3.6126084327697754
7.745817089080811,0.15526257482842087,0.07860393524169922,0.009446277603503942,0.8886918084659492,0.11799245987447787,0.04341024841419859,8,9,706,0.42754101835854963,0.02541912674409519,0.6431565707973218,"{'colsample_bytree': np.float64(0.8886918084659492), 'gamma': np.float64(0.11799245987447787), 'learning_rate': np.float64(0.04341024841419859), 'max_depth': 8, 'min_child_weight': 9, 'n_estimators': 706, 'reg_alpha': np.float64(0.42754101835854963), 'reg_lambda': np.float64(0.02541912674409519), 'subsample': np.float64(0.6431565707973218)}",-0.25882379353277074,-0.27247663420946217,-0.28622961953324466,-0.2914679373530539,-0.2686987761534807,-0.2755393521564024,0.011862421880288082,36,397.50853204727173,3.6126084327697754
4.212588882446289,0.1920261359529984,0.042870950698852536,0.006513572111618073,0.6125716742746937,0.3182052056318902,0.052153397161449,9,5,906,0.6044173792778172,0.5398410913016731,0.6812244898939077,"{'colsample_bytree': np.float64(0.6125716742746937), 'gamma': np.float64(0.3182052056318902), 'learning_rate': np.float64(0.052153397161449), 'max_depth': 9, 'min_child_weight': 5, 'n_estimators': 906, 'reg_alpha': np.float64(0.6044173792778172), 'reg_lambda': np.float64(0.5398410913016731), 'subsample': np.float64(0.6812244898939077)}",-0.25685078223207536,-0.2771064344604619,-0.28245775253777233,-0.29416804889187587,-0.2683146318116403,-0.27577952998676514,0.012637398116482427,37,397.50853204727173,3.6126084327697754
3.4788143634796143,0.0877094164538328,0.03510713577270508,0.00448962285356067,0.9771414282231924,0.299432733244268,0.10921773995595568,9,2,1181,0.808120379564417,0.6334037565104235,0.9485842360750871,"{'colsample_bytree': np.float64(0.9771414282231924), 'gamma': np.float64(0.299432733244268), 'learning_rate': np.float64(0.10921773995595568), 'max_depth': 9, 'min_child_weight': 2, 'n_estimators': 1181, 'reg_alpha': np.float64(0.808120379564417), 'reg_lambda': np.float64(0.6334037565104235), 'subsample': np.float64(0.9485842360750871)}",-0.26211880720722763,-0.2817292924987529,-0.3035298335798394,-0.2941418512754377,-0.26482041800757533,-0.2812680405137665,0.016116777654184167,63,397.50853204727173,3.6126084327697754
3.8970797538757322,0.06857502883127281,0.038135957717895505,0.00513742557010513,0.9214688307596458,0.09328502944301792,0.13888384977349666,8,7,847,0.3562978380769749,0.906828441545754,0.7088528997538541,"{'colsample_bytree': np.float64(0.9214688307596458), 'gamma': np.float64(0.09328502944301792), 'learning_rate': np.float64(0.13888384977349666), 'max_depth': 8, 'min_child_weight': 7, 'n_estimators': 847, 'reg_alpha': np.float64(0.3562978380769749), 'reg_lambda': np.float64(0.906828441545754), 'subsample': np.float64(0.7088528997538541)}",-0.27772593728322353,-0.30195945552098086,-0.28816792776391636,-0.30617308189570974,-0.2911952171318393,-0.29304432391913393,0.010136027446553512,98,397.50853204727173,3.6126084327697754
25.79553108215332,0.3295435017209939,0.16733121871948242,0.008408568008694172,0.8590760482165449,0.0002601884976579094,0.057885328450125346,8,7,1209,0.5107473025775657,0.417411003148779,0.6888431241882921,"{'colsample_bytree': np.float64(0.8590760482165449), 'gamma': np.float64(0.0002601884976579094), 'learning_rate': np.float64(0.057885328450125346), 'max_depth': 8, 'min_child_weight': 7, 'n_estimators': 1209, 'reg_alpha': np.float64(0.5107473025775657), 'reg_lambda': np.float64(0.417411003148779), 'subsample': np.float64(0.6888431241882921)}",-0.2654108609113324,-0.28276828018607575,-0.2846225224658146,-0.30322658269068653,-0.28007041646494313,-0.28321973254377053,0.012079071008838626,80,397.50853204727173,3.6126084327697754
3.3700024127960204,0.08368151772601339,0.034958934783935545,0.002101504466181552,0.6479461469334731,0.16880758570181398,0.14643645558687787,11,8,732,0.4038361710580408,0.06489224710898156,0.7015661655737379,"{'colsample_bytree': np.float64(0.6479461469334731), 'gamma': np.float64(0.16880758570181398), 'learning_rate': np.float64(0.14643645558687787), 'max_depth': 11, 'min_child_weight': 8, 'n_estimators': 732, 'reg_alpha': np.float64(0.4038361710580408), 'reg_lambda': np.float64(0.06489224710898156), 'subsample': np.float64(0.7015661655737379)}",-0.2714717829321321,-0.30222837903747807,-0.297873885648594,-0.30902497674502905,-0.287657764860551,-0.2936513578447568,0.013081283513863833,99,397.50853204727173,3.6126084327697754
4.638752174377442,0.1624553900788594,0.05735092163085938,0.0034453824316920817,0.6987504251354405,0.3481521364198942,0.1118405884886663,10,1,1451,0.036886947354532795,0.6095643339798968,0.8010716092915446,"{'colsample_bytree': np.float64(0.6987504251354405), 'gamma': np.float64(0.3481521364198942), 'learning_rate': np.float64(0.1118405884886663), 'max_depth': 10, 'min_child_weight': 1, 'n_estimators': 1451, 'reg_alpha': np.float64(0.036886947354532795), 'reg_lambda': np.float64(0.6095643339798968), 'subsample': np.float64(0.8010716092915446)}",-0.2574595254237179,-0.282341914311215,-0.29901945445962697,-0.29871823694178656,-0.2747928081031944,-0.2824663878479082,0.015635658612827234,77,397.50853204727173,3.6126084327697754
3.054962158203125,0.05880993260449962,0.037613296508789064,0.002872905234714062,0.6205915004999957,0.13932323211830572,0.14123988289499806,8,2,552,0.489452760277563,0.9856504541106007,0.6968221086046001,"{'colsample_bytree': np.float64(0.6205915004999957), 'gamma': np.float64(0.13932323211830572), 'learning_rate': np.float64(0.14123988289499806), 'max_depth': 8, 'min_child_weight': 2, 'n_estimators': 552, 'reg_alpha': np.float64(0.489452760277563), 'reg_lambda': np.float64(0.9856504541106007), 'subsample': np.float64(0.6968221086046001)}",-0.27138601023545494,-0.2938820731944846,-0.2956765371215078,-0.30710349588498587,-0.2898041003554619,-0.291570443358379,0.011610432096893336,97,397.50853204727173,3.6126084327697754
5.995385694503784,0.17000942013140255,0.06117191314697266,0.00615000106835614,0.8688542189623514,0.3808098076643588,0.04064563159885995,11,8,1336,0.6323058305935795,0.6335297107608947,0.8143098736299034,"{'colsample_bytree': np.float64(0.8688542189623514), 'gamma': np.float64(0.3808098076643588), 'learning_rate': np.float64(0.04064563159885995), 'max_depth': 11, 'min_child_weight': 8, 'n_estimators': 1336, 'reg_alpha': np.float64(0.6323058305935795), 'reg_lambda': np.float64(0.6335297107608947), 'subsample': np.float64(0.8143098736299034)}",-0.257387227807977,-0.2709090667160368,-0.2843481385317022,-0.2927811019502888,-0.2599758093565609,-0.2730802688725132,0.013695256306309776,17,397.50853204727173,3.6126084327697754
4.735527467727661,0.08217345019912783,0.046463727951049805,0.005301990385817205,0.6361159080217633,0.417651247794619,0.05311700974576037,11,3,1159,0.32595890520188475,0.2202410475655483,0.884459812975207,"{'colsample_bytree': np.float64(0.6361159080217633), 'gamma': np.float64(0.417651247794619), 'learning_rate': np.float64(0.05311700974576037), 'max_depth': 11, 'min_child_weight': 3, 'n_estimators': 1159, 'reg_alpha': np.float64(0.32595890520188475), 'reg_lambda': np.float64(0.2202410475655483), 'subsample': np.float64(0.884459812975207)}",-0.25748866750290683,-0.28074206924533224,-0.29116370335959524,-0.29084427175541716,-0.2673913866634753,-0.2775260197053454,0.013250747133231535,50,397.50853204727173,3.6126084327697754
12.465399789810181,0.2699003320007413,0.11876473426818848,0.004234485457895416,0.9238004184558861,0.1743329936458647,0.019426482663713114,6,1,1435,0.3867353463005374,0.9367299887367345,0.6550083776583973,"{'colsample_bytree': np.float64(0.9238004184558861), 'gamma': np.float64(0.1743329936458647), 'learning_rate': np.float64(0.019426482663713114), 'max_depth': 6, 'min_child_weight': 1, 'n_estimators': 1435, 'reg_alpha': np.float64(0.3867353463005374), 'reg_lambda': np.float64(0.9367299887367345), 'subsample': np.float64(0.6550083776583973)}",-0.2587596709480455,-0.26890904693966805,-0.28240633893626726,-0.29368781279796136,-0.26317257723369475,-0.2733870893711274,0.012898191550125985,23,397.50853204727173,3.6126084327697754
4.27143440246582,0.24395177733264198,0.036205196380615236,0.007172634884183706,0.7364265404201034,0.056736760620294535,0.14370404274178442,11,3,762,0.659984046034179,0.8172222002012158,0.822080324639785,"{'colsample_bytree': np.float64(0.7364265404201034), 'gamma': np.float64(0.056736760620294535), 'learning_rate': np.float64(0.14370404274178442), 'max_depth': 11, 'min_child_weight': 3, 'n_estimators': 762, 'reg_alpha': np.float64(0.659984046034179), 'reg_lambda': np.float64(0.8172222002012158), 'subsample': np.float64(0.822080324639785)}",-0.2706542500571701,-0.28646719639849716,-0.296757229846605,-0.3044650552352833,-0.28155384125856725,-0.28797951455922455,0.011769133448988452,92,397.50853204727173,3.6126084327697754
11.359701681137086,0.24686169331353758,0.08519387245178223,0.0019600882052511954,0.8118602313424026,0.12092614545022584,0.018965415170884882,9,5,536,0.8826363431893397,0.18870710834137938,0.7115485410368727,"{'colsample_bytree': np.float64(0.8118602313424026), 'gamma': np.float64(0.12092614545022584), 'learning_rate': np.float64(0.018965415170884882), 'max_depth': 9, 'min_child_weight': 5, 'n_estimators': 536, 'reg_alpha': np.float64(0.8826363431893397), 'reg_lambda': np.float64(0.18870710834137938), 'subsample': np.float64(0.7115485410368727)}",-0.25545246204049665,-0.27285388668239213,-0.28083624709701377,-0.2873892800049576,-0.2587627039154287,-0.27105891594805775,0.012330913579168006,8,397.50853204727173,3.6126084327697754
3.721671533584595,0.22911079656178296,0.043571090698242186,0.004454714786268662,0.8801431319891084,0.42333057111915295,0.13344864378171387,11,8,1172,0.6420316461542878,0.08413996499504883,0.6646514856378455,"{'colsample_bytree': np.float64(0.8801431319891084), 'gamma': np.float64(0.42333057111915295), 'learning_rate': np.float64(0.13344864378171387), 'max_depth': 11, 'min_child_weight': 8, 'n_estimators': 1172, 'reg_alpha': np.float64(0.6420316461542878), 'reg_lambda': np.float64(0.08413996499504883), 'subsample': np.float64(0.6646514856378455)}",-0.2693963666259074,-0.2831493052025627,-0.28532211382013856,-0.30639680077767223,-0.2672042587845394,-0.282293769042164,0.014034922600148334,73,397.50853204727173,3.6126084327697754
15.518360090255737,0.24401368416111055,0.07435722351074218,0.0012165407036000171,0.9594216754108317,0.30321452982979497,0.006379557742494447,11,9,598,0.9736638367553173,0.2839209747374657,0.7221455441377573,"{'colsample_bytree': np.float64(0.9594216754108317), 'gamma': np.float64(0.30321452982979497), 'learning_rate': np.float64(0.006379557742494447), 'max_depth': 11, 'min_child_weight': 9, 'n_estimators': 598, 'reg_alpha': np.float64(0.9736638367553173), 'reg_lambda': np.float64(0.2839209747374657), 'subsample': np.float64(0.7221455441377573)}",-0.254542112859722,-0.27120913472412905,-0.28219981290769314,-0.29068125733515915,-0.2607781112584631,-0.2718820858170333,0.013298797828498275,14,397.50853204727173,3.6126084327697754
3.2278825283050536,0.13960977682098757,0.03894333839416504,0.002385832577367516,0.7942455014344907,0.22421207149312367,0.1541686193916231,9,1,1079,0.23724908749680007,0.3253996981592677,0.8985965620472096,"{'colsample_bytree': np.float64(0.7942455014344907), 'gamma': np.float64(0.22421207149312367), 'learning_rate': np.float64(0.1541686193916231), 'max_depth': 9, 'min_child_weight': 1, 'n_estimators': 1079, 'reg_alpha': np.float64(0.23724908749680007), 'reg_lambda': np.float64(0.3253996981592677), 'subsample': np.float64(0.8985965620472096)}",-0.27040572890551284,-0.279801323881411,-0.30467444578498626,-0.3012491112150037,-0.27252357962911505,-0.28573083788320575,0.014450791394264072,87,397.50853204727173,3.6126084327697754
2.2502047538757326,0.04092867455422232,0.032933521270751956,0.0017409394480101031,0.8598531596188859,0.42461170524708897,0.1036419338450515,6,3,969,0.26520236768172545,0.24398964337908358,0.9892042219009782,"{'colsample_bytree': np.float64(0.8598531596188859), 'gamma': np.float64(0.42461170524708897), 'learning_rate': np.float64(0.1036419338450515), 'max_depth': 6, 'min_child_weight': 3, 'n_estimators': 969, 'reg_alpha': np.float64(0.26520236768172545), 'reg_lambda': np.float64(0.24398964337908358), 'subsample': np.float64(0.9892042219009782)}",-0.2561761655493411,-0.276975348847312,-0.28706520268397356,-0.2933063873537669,-0.2611426929365337,-0.27493315947418545,0.014359208202527377,33,397.50853204727173,3.6126084327697754
2.7917776584625242,0.12496465993420373,0.03755044937133789,0.0014965199159411916,0.7572390898667042,0.44602327758855664,0.09967079389958944,7,5,1297,0.6451033620305648,0.6689240596630996,0.9456670260287612,"{'colsample_bytree': np.float64(0.7572390898667042), 'gamma': np.float64(0.44602327758855664), 'learning_rate': np.float64(0.09967079389958944), 'max_depth': 7, 'min_child_weight': 5, 'n_estimators': 1297, 'reg_alpha': np.float64(0.6451033620305648), 'reg_lambda': np.float64(0.6689240596630996), 'subsample': np.float64(0.9456670260287612)}",-0.25829890626199936,-0.2738647479497573,-0.2863972091254338,-0.28645768524011467,-0.26435290734545797,-0.27387429118455264,0.011387842082519419,26,397.50853204727173,3.6126084327697754
1.773600959777832,0.032194219226664114,0.025600528717041014,0.002088557185621638,0.6920741072966221,0.24959668994237616,0.09080062988137746,6,1,671,0.9404585843529143,0.9539285770025874,0.9659457560881795,"{'colsample_bytree': np.float64(0.6920741072966221), 'gamma': np.float64(0.24959668994237616), 'learning_rate': np.float64(0.09080062988137746), 'max_depth': 6, 'min_child_weight': 1, 'n_estimators': 671, 'reg_alpha': np.float64(0.9404585843529143), 'reg_lambda': np.float64(0.9539285770025874), 'subsample': np.float64(0.9659457560881795)}",-0.2600703483876422,-0.2714316775335893,-0.28139649594299904,-0.28246226480942493,-0.2624352971746934,-0.27155921676966976,0.009283369968100091,12,397.50853204727173,3.6126084327697754
7.425235605239868,0.1230215464542707,0.07625155448913574,0.006168403405678617,0.7480634801021777,0.007728308264433714,0.1442477843881588,6,5,1106,0.9636199770892528,0.8530094554673601,0.7177795568278342,"{'colsample_bytree': np.float64(0.7480634801021777), 'gamma': np.float64(0.007728308264433714), 'learning_rate': np.float64(0.1442477843881588), 'max_depth': 6, 'min_child_weight': 5, 'n_estimators': 1106, 'reg_alpha': np.float64(0.9636199770892528), 'reg_lambda': np.float64(0.8530094554673601), 'subsample': np.float64(0.7177795568278342)}",-0.2755764182739596,-0.30211644904038254,-0.2911311959139158,-0.3245134232556156,-0.28666046849084564,-0.2959995909949439,0.016604102181933592,100,397.50853204727173,3.6126084327697754
4.034872722625733,0.1614620417935748,0.05053935050964355,0.005221053095755718,0.7540390914407701,0.42556833575842845,0.05253830077344165,7,9,1234,0.8442131407263114,0.9300168348108319,0.6281664523398175,"{'colsample_bytree': np.float64(0.7540390914407701), 'gamma': np.float64(0.42556833575842845), 'learning_rate': np.float64(0.05253830077344165), 'max_depth': 7, 'min_child_weight': 9, 'n_estimators': 1234, 'reg_alpha': np.float64(0.8442131407263114), 'reg_lambda': np.float64(0.9300168348108319), 'subsample': np.float64(0.6281664523398175)}",-0.2583634267714649,-0.2731189200701826,-0.275962090470464,-0.29079362140144605,-0.26669975581632727,-0.2729875629059769,0.010764038867989455,16,397.50853204727173,3.6126084327697754
3.70198655128479,0.05494129536288615,0.040664291381835936,0.0036719075413316374,0.6835674870461441,0.3355717584120253,0.05879701719442458,8,2,1485,0.7407686177542044,0.697015740995268,0.8809936335948436,"{'colsample_bytree': np.float64(0.6835674870461441), 'gamma': np.float64(0.3355717584120253), 'learning_rate': np.float64(0.05879701719442458), 'max_depth': 8, 'min_child_weight': 2, 'n_estimators': 1485, 'reg_alpha': np.float64(0.7407686177542044), 'reg_lambda': np.float64(0.697015740995268), 'subsample': np.float64(0.8809936335948436)}",-0.2555473209812274,-0.2718802809846748,-0.28719595475342674,-0.29249600229332606,-0.2604522424422744,-0.27351436029098586,0.014447092438072413,24,397.50853204727173,3.6126084327697754
4.137086200714111,0.23084819165747117,0.059981250762939455,0.009927290256977231,0.743796460487902,0.14679592213224668,0.12640417332177703,8,2,1420,0.6115137108656805,0.08159418040024036,0.6020739451095947,"{'colsample_bytree': np.float64(0.743796460487902), 'gamma': np.float64(0.14679592213224668), 'learning_rate': np.float64(0.12640417332177703), 'max_depth': 8, 'min_child_weight': 2, 'n_estimators': 1420, 'reg_alpha': np.float64(0.6115137108656805), 'reg_lambda': np.float64(0.08159418040024036), 'subsample': np.float64(0.6020739451095947)}",-0.2708649298035402,-0.2970279868751052,-0.29423722927245316,-0.3172205039505501,-0.2780074899108117,-0.2914716279624921,0.01617062343948856,96,397.50853204727173,3.6126084327697754
22.245217704772948,0.26622827864680443,0.1330892562866211,0.018531763236052726,0.8511577659794545,0.09713697675602112,0.015641137549989147,11,3,970,0.027616771873704704,0.5788648955075587,0.7753896492072347,"{'colsample_bytree': np.float64(0.8511577659794545), 'gamma': np.float64(0.09713697675602112), 'learning_rate': np.float64(0.015641137549989147), 'max_depth': 11, 'min_child_weight': 3, 'n_estimators': 970, 'reg_alpha': np.float64(0.027616771873704704), 'reg_lambda': np.float64(0.5788648955075587), 'subsample': np.float64(0.7753896492072347)}",-0.25946554811187517,-0.2744630946923346,-0.2887813859346579,-0.2933763311921079,-0.26303947105942255,-0.2758251661980796,0.013482383805559113,40,397.50853204727173,3.6126084327697754
11.818873071670533,0.8313049025767931,0.08782243728637695,0.015795309665411397,0.8688104541180797,0.16407633373736596,0.02825624250916163,11,6,813,0.8604046183116753,0.25025136051586405,0.6155338937717693,"{'colsample_bytree': np.float64(0.8688104541180797), 'gamma': np.float64(0.16407633373736596), 'learning_rate': np.float64(0.02825624250916163), 'max_depth': 11, 'min_child_weight': 6, 'n_estimators': 813, 'reg_alpha': np.float64(0.8604046183116753), 'reg_lambda': np.float64(0.25025136051586405), 'subsample': np.float64(0.6155338937717693)}",-0.2560916496197016,-0.27318246524807976,-0.28349978008317056,-0.29117507318376956,-0.26630808383394555,-0.2740514103937334,0.012375449051030562,28,397.50853204727173,3.6126084327697754
4.062216091156006,0.2637401718454125,0.034468555450439455,0.008910736137566846,0.7213062058692892,0.2685412135983277,0.053997686269406125,10,5,602,0.085347464993768,0.0516817211686077,0.8125418526272592,"{'colsample_bytree': np.float64(0.7213062058692892), 'gamma': np.float64(0.2685412135983277), 'learning_rate': np.float64(0.053997686269406125), 'max_depth': 10, 'min_child_weight': 5, 'n_estimators': 602, 'reg_alpha': np.float64(0.085347464993768), 'reg_lambda': np.float64(0.0516817211686077), 'subsample': np.float64(0.8125418526272592)}",-0.2617071222584054,-0.27141329067658587,-0.29023628249477634,-0.29334405809853703,-0.2600084229979626,-0.2753418353052535,0.014016968133909728,35,397.50853204727173,3.6126084327697754
3.575317716598511,0.06965507798214267,0.04493503570556641,0.0021144774401649935,0.8162540486440426,0.3187149507491033,0.11391370005839924,10,2,1135,0.7145951041799521,0.04106751676787579,0.7595283605779178,"{'colsample_bytree': np.float64(0.8162540486440426), 'gamma': np.float64(0.3187149507491033), 'learning_rate': np.float64(0.11391370005839924), 'max_depth': 10, 'min_child_weight': 2, 'n_estimators': 1135, 'reg_alpha': np.float64(0.7145951041799521), 'reg_lambda': np.float64(0.04106751676787579), 'subsample': np.float64(0.7595283605779178)}",-0.26185292681845285,-0.28345124258111354,-0.2918550378321576,-0.304011638674935,-0.267709587684978,-0.2817760867183274,0.015450630207119658,70,397.50853204727173,3.6126084327697754
4.827326393127441,0.09813462270729952,0.06408276557922363,0.010886148095302162,0.7734082950322968,0.3720213214995577,0.04262907910199917,7,5,1329,0.8359801205122058,0.695974206093698,0.763581177765708,"{'colsample_bytree': np.float64(0.7734082950322968), 'gamma': np.float64(0.3720213214995577), 'learning_rate': np.float64(0.04262907910199917), 'max_depth': 7, 'min_child_weight': 5, 'n_estimators': 1329, 'reg_alpha': np.float64(0.8359801205122058), 'reg_lambda': np.float64(0.695974206093698), 'subsample': np.float64(0.763581177765708)}",-0.2548552358762192,-0.27081832044530213,-0.2827754851449353,-0.2890440234977787,-0.2600272429328141,-0.27150406157940987,0.012992815381866914,10,397.50853204727173,3.6126084327697754
8.446642351150512,0.1663944298369238,0.06184983253479004,0.007259932924633384,0.6693177280283383,0.07821852133554302,0.04253643472468929,11,6,1059,0.18286599710730733,0.9346139973397097,0.8553082375373402,"{'colsample_bytree': np.float64(0.6693177280283383), 'gamma': np.float64(0.07821852133554302), 'learning_rate': np.float64(0.04253643472468929), 'max_depth': 11, 'min_child_weight': 6, 'n_estimators': 1059, 'reg_alpha': np.float64(0.18286599710730733), 'reg_lambda': np.float64(0.9346139973397097), 'subsample': np.float64(0.8553082375373402)}",-0.25611892327877545,-0.2752648853138277,-0.28949002927652234,-0.29807423803279065,-0.26136036365071047,-0.2760616879105253,0.01599593951760689,44,397.50853204727173,3.6126084327697754
4.701107931137085,0.6488914875944151,0.04643082618713379,0.004154861291018141,0.8066785029706267,0.3285556642500834,0.07035093480168365,10,7,1462,0.24773098950115746,0.3559726786512616,0.9031384441857476,"{'colsample_bytree': np.float64(0.8066785029706267), 'gamma': np.float64(0.3285556642500834), 'learning_rate': np.float64(0.07035093480168365), 'max_depth': 10, 'min_child_weight': 7, 'n_estimators': 1462, 'reg_alpha': np.float64(0.24773098950115746), 'reg_lambda': np.float64(0.3559726786512616), 'subsample': np.float64(0.9031384441857476)}",-0.2587767109438448,-0.2771830751063497,-0.2884752139714067,-0.29605513140104744,-0.2586813776330885,-0.27583430181114743,0.015203144497133093,41,397.50853204727173,3.6126084327697754
8.256364154815675,0.165294759992829,0.08511929512023926,0.004124216723214456,0.6057573954519023,0.05803632025345812,0.011900396303262912,6,4,952,0.4741738290873252,0.09783416065100148,0.7966463500467329,"{'colsample_bytree': np.float64(0.6057573954519023), 'gamma': np.float64(0.05803632025345812), 'learning_rate': np.float64(0.011900396303262912), 'max_depth': 6, 'min_child_weight': 4, 'n_estimators': 952, 'reg_alpha': np.float64(0.4741738290873252), 'reg_lambda': np.float64(0.09783416065100148), 'subsample': np.float64(0.7966463500467329)}",-0.24971367531078964,-0.26415772530690534,-0.2751381833994586,-0.2838202031160446,-0.25453103175665914,-0.26547216377797145,0.012647913346056427,1,397.50853204727173,3.6126084327697754
7.198604726791382,0.4105262404371793,0.07786445617675782,0.012003941727372413,0.7893887083122263,0.08660093495500759,0.07007774738569596,7,6,1336,0.8866803872980475,0.26089362334171395,0.6061218161161539,"{'colsample_bytree': np.float64(0.7893887083122263), 'gamma': np.float64(0.08660093495500759), 'learning_rate': np.float64(0.07007774738569596), 'max_depth': 7, 'min_child_weight': 6, 'n_estimators': 1336, 'reg_alpha': np.float64(0.8866803872980475), 'reg_lambda': np.float64(0.26089362334171395), 'subsample': np.float64(0.6061218161161539)}",-0.27001806419022645,-0.28322637602770423,-0.2826432343522756,-0.3021568776116644,-0.273979763367965,-0.2824048631099671,0.011093140892814808,76,397.50853204727173,3.6126084327697754
3.2948039531707765,0.10170464020455465,0.029974699020385742,0.003401395869137775,0.9733745232317932,0.2505199419576296,0.08590661726000938,10,4,515,0.07056874740042984,0.6424192782063156,0.6106045242166487,"{'colsample_bytree': np.float64(0.9733745232317932), 'gamma': np.float64(0.2505199419576296), 'learning_rate': np.float64(0.08590661726000938), 'max_depth': 10, 'min_child_weight': 4, 'n_estimators': 515, 'reg_alpha': np.float64(0.07056874740042984), 'reg_lambda': np.float64(0.6424192782063156), 'subsample': np.float64(0.6106045242166487)}",-0.27339639383453007,-0.28026100613685584,-0.2872640801768496,-0.3003656952998227,-0.2630989884404344,-0.2808772327776985,0.012593654350173792,61,397.50853204727173,3.6126084327697754
2.039522981643677,0.058819302646555334,0.025083541870117188,0.0016506166030526765,0.8343102325093853,0.4701151207124788,0.09132112668138184,7,3,879,0.12850035323391018,0.811204176736003,0.9282557902975821,"{'colsample_bytree': np.float64(0.8343102325093853), 'gamma': np.float64(0.4701151207124788), 'learning_rate': np.float64(0.09132112668138184), 'max_depth': 7, 'min_child_weight': 3, 'n_estimators': 879, 'reg_alpha': np.float64(0.12850035323391018), 'reg_lambda': np.float64(0.811204176736003), 'subsample': np.float64(0.9282557902975821)}",-0.25749372530561,-0.27494256146089785,-0.28360827298559055,-0.2908401172720722,-0.25853618740191525,-0.27308417288521714,0.013298043385737852,18,397.50853204727173,3.6126084327697754
2.4139444828033447,0.08282034035802115,0.030891561508178712,0.004001648758332879,0.850375868040629,0.41021342188563403,0.10272271577866819,8,2,752,0.0944429607559284,0.6830067734163568,0.6284754593840916,"{'colsample_bytree': np.float64(0.850375868040629), 'gamma': np.float64(0.41021342188563403), 'learning_rate': np.float64(0.10272271577866819), 'max_depth': 8, 'min_child_weight': 2, 'n_estimators': 752, 'reg_alpha': np.float64(0.0944429607559284), 'reg_lambda': np.float64(0.6830067734163568), 'subsample': np.float64(0.6284754593840916)}",-0.2645350715401671,-0.27988757087077504,-0.2861069747712764,-0.30806315807772827,-0.26675418726980216,-0.2810693925059498,0.01570825380463394,62,397.50853204727173,3.6126084327697754
10.880706167221069,0.2816276664405662,0.10805749893188477,0.02099392059827568,0.7275902521175045,0.4224376554847273,0.00849079036037388,7,3,1116,0.4960374542934062,0.6928903586919394,0.739334641781279,"{'colsample_bytree': np.float64(0.7275902521175045), 'gamma': np.float64(0.4224376554847273), 'learning_rate': np.float64(0.00849079036037388), 'max_depth': 7, 'min_child_weight': 3, 'n_estimators': 1116, 'reg_alpha': np.float64(0.4960374542934062), 'reg_lambda': np.float64(0.6928903586919394), 'subsample': np.float64(0.739334641781279)}",-0.2505846520250218,-0.2666077435423238,-0.2761483612511302,-0.28603937134522334,-0.2556075538690651,-0.2669975364065529,0.013004579866881454,3,397.50853204727173,3.6126084327697754
9.19321255683899,0.4160171641349553,0.07091097831726074,0.01200673921074314,0.9746592607422829,0.019593163337823127,0.06769190475733682,10,9,1175,0.17743954377972282,0.7506147516408583,0.9227338957069056,"{'colsample_bytree': np.float64(0.9746592607422829), 'gamma': np.float64(0.019593163337823127), 'learning_rate': np.float64(0.06769190475733682), 'max_depth': 10, 'min_child_weight': 9, 'n_estimators': 1175, 'reg_alpha': np.float64(0.17743954377972282), 'reg_lambda': np.float64(0.7506147516408583), 'subsample': np.float64(0.9227338957069056)}",-0.2635328551953328,-0.28073435284221815,-0.29783981518344277,-0.2927426897453448,-0.2636105789668929,-0.2796920583866463,0.01428621896412442,54,397.50853204727173,3.6126084327697754
5.972781133651734,0.07541289870391146,0.04908943176269531,0.00832076960775952,0.9962020568002693,0.20630883845571324,0.060802712868917475,11,5,1279,0.42899402737501835,0.7508710677914974,0.9018171496338729,"{'colsample_bytree': np.float64(0.9962020568002693), 'gamma': np.float64(0.20630883845571324), 'learning_rate': np.float64(0.060802712868917475), 'max_depth': 11, 'min_child_weight': 5, 'n_estimators': 1279, 'reg_alpha': np.float64(0.42899402737501835), 'reg_lambda': np.float64(0.7508710677914974), 'subsample': np.float64(0.9018171496338729)}",-0.2614733285413752,-0.27290782621987353,-0.3002629496695106,-0.2974417766855521,-0.26356635570414344,-0.279130447364091,0.01658085186853065,52,397.50853204727173,3.6126084327697754
2.928413677215576,0.33056361846238536,0.041802072525024415,0.008193202678500626,0.641249547534373,0.45127645333978333,0.08078785586717857,6,6,896,0.8955232284962005,0.3892016787341631,0.6043350605921193,"{'colsample_bytree': np.float64(0.641249547534373), 'gamma': np.float64(0.45127645333978333), 'learning_rate': np.float64(0.08078785586717857), 'max_depth': 6, 'min_child_weight': 6, 'n_estimators': 896, 'reg_alpha': np.float64(0.8955232284962005), 'reg_lambda': np.float64(0.3892016787341631), 'subsample': np.float64(0.6043350605921193)}",-0.2519679946078347,-0.27839962828671394,-0.2847679914827297,-0.29393846126453493,-0.26096241592731956,-0.2740072983138266,0.015415811369865945,27,397.50853204727173,3.6126084327697754
12.766325998306275,0.18071610179298267,0.10767874717712403,0.01175319757779526,0.9621527905677054,0.04564333839306678,0.05289704563856223,11,4,1350,0.49302565777180496,0.08328441119525964,0.6366816589033925,"{'colsample_bytree': np.float64(0.9621527905677054), 'gamma': np.float64(0.04564333839306678), 'learning_rate': np.float64(0.05289704563856223), 'max_depth': 11, 'min_child_weight': 4, 'n_estimators': 1350, 'reg_alpha': np.float64(0.49302565777180496), 'reg_lambda': np.float64(0.08328441119525964), 'subsample': np.float64(0.6366816589033925)}",-0.2630873953385777,-0.27993806199118004,-0.29266802908486983,-0.3053185554866193,-0.2661784647175651,-0.2814381013237624,0.015926345507059573,65,397.50853204727173,3.6126084327697754
5.56590313911438,0.4608401525921718,0.04262104034423828,0.0030048607242888345,0.8409763703604476,0.2768515261729004,0.03690918425363434,10,7,643,0.7896181427945539,0.09120610304869037,0.7977681218810326,"{'colsample_bytree': np.float64(0.8409763703604476), 'gamma': np.float64(0.2768515261729004), 'learning_rate': np.float64(0.03690918425363434), 'max_depth': 10, 'min_child_weight': 7, 'n_estimators': 643, 'reg_alpha': np.float64(0.7896181427945539), 'reg_lambda': np.float64(0.09120610304869037), 'subsample': np.float64(0.7977681218810326)}",-0.25800832331948464,-0.2705106592076523,-0.2834121221216181,-0.28891093565373394,-0.2654019616414303,-0.27324880038878385,0.011401210694108816,20,397.50853204727173,3.6126084327697754
4.438869285583496,0.13487210487967416,0.04156074523925781,0.004436447113285261,0.6230235040066577,0.27476444116186777,0.07122957520600655,10,2,1250,0.14299168205283586,0.7615106317174722,0.8472872253265045,"{'colsample_bytree': np.float64(0.6230235040066577), 'gamma': np.float64(0.27476444116186777), 'learning_rate': np.float64(0.07122957520600655), 'max_depth': 10, 'min_child_weight': 2, 'n_estimators': 1250, 'reg_alpha': np.float64(0.14299168205283586), 'reg_lambda': np.float64(0.7615106317174722), 'subsample': np.float64(0.8472872253265045)}",-0.25651281091273603,-0.27523096984103185,-0.28908109622561196,-0.29876011281472387,-0.2678042717259497,-0.2774778523040107,0.015004862441825835,49,397.50853204727173,3.6126084327697754
5.5909388065338135,0.11166551550688113,0.07572550773620605,0.007706723324291907,0.640449070449116,0.04205340305749872,0.110145369718868,7,9,1445,0.8918969087767766,0.1466048216920255,0.8053304674769571,"{'colsample_bytree': np.float64(0.640449070449116), 'gamma': np.float64(0.04205340305749872), 'learning_rate': np.float64(0.110145369718868), 'max_depth': 7, 'min_child_weight': 9, 'n_estimators': 1445, 'reg_alpha': np.float64(0.8918969087767766), 'reg_lambda': np.float64(0.1466048216920255), 'subsample': np.float64(0.8053304674769571)}",-0.264594460394437,-0.28426965723339953,-0.291751435384999,-0.3038566820570907,-0.2777174802172986,-0.28443794305744496,0.01318735257330306,81,397.50853204727173,3.6126084327697754
3.104371452331543,0.17973603391480916,0.036214780807495114,0.0047536882476763385,0.6932912289698111,0.29065270861339115,0.13447077829835058,11,4,1156,0.9472485773838587,0.9860010638228709,0.9013512741035766,"{'colsample_bytree': np.float64(0.6932912289698111), 'gamma': np.float64(0.29065270861339115), 'learning_rate': np.float64(0.13447077829835058), 'max_depth': 11, 'min_child_weight': 4, 'n_estimators': 1156, 'reg_alpha': np.float64(0.9472485773838587), 'reg_lambda': np.float64(0.9860010638228709), 'subsample': np.float64(0.9013512741035766)}",-0.26318307181200495,-0.28462913158852116,-0.2929372596598338,-0.29735819335071034,-0.27223418978572217,-0.2820683692393585,0.012742327484280055,71,397.50853204727173,3.6126084327697754
4.563366413116455,0.05659174394033578,0.03368463516235352,0.0036307561638262804,0.7505038342123663,0.04175035834933438,0.12157203738911551,11,7,590,0.24872415443028795,0.3302525290190985,0.7737807377953085,"{'colsample_bytree': np.float64(0.7505038342123663), 'gamma': np.float64(0.04175035834933438), 'learning_rate': np.float64(0.12157203738911551), 'max_depth': 11, 'min_child_weight': 7, 'n_estimators': 590, 'reg_alpha': np.float64(0.24872415443028795), 'reg_lambda': np.float64(0.3302525290190985), 'subsample': np.float64(0.7737807377953085)}",-0.27031712805846875,-0.28573426975540045,-0.29441740969585944,-0.3110944433005975,-0.27371465939624967,-0.28705558204131515,0.014778127634938298,89,397.50853204727173,3.6126084327697754
3.6716192245483397,0.3069914455057861,0.03820290565490723,0.0030744390094092537,0.7014728695492555,0.20260104339070856,0.0907209537807516,9,8,1328,0.8227903518766931,0.7442116569432979,0.8724157708387636,"{'colsample_bytree': np.float64(0.7014728695492555), 'gamma': np.float64(0.20260104339070856), 'learning_rate': np.float64(0.0907209537807516), 'max_depth': 9, 'min_child_weight': 8, 'n_estimators': 1328, 'reg_alpha': np.float64(0.8227903518766931), 'reg_lambda': np.float64(0.7442116569432979), 'subsample': np.float64(0.8724157708387636)}",-0.25381806038024857,-0.27465520824092565,-0.28708927058825434,-0.29355760209793197,-0.26531920622933564,-0.27488786950733923,0.014373471453941347,30,397.50853204727173,3.6126084327697754
4.607854413986206,0.05682475097253309,0.06608338356018066,0.0034939941270243926,0.6950025885169879,0.20011144643601242,0.07665723363203415,6,8,1428,0.22359583851945264,0.9632225394406113,0.6048617898759265,"{'colsample_bytree': np.float64(0.6950025885169879), 'gamma': np.float64(0.20011144643601242), 'learning_rate': np.float64(0.07665723363203415), 'max_depth': 6, 'min_child_weight': 8, 'n_estimators': 1428, 'reg_alpha': np.float64(0.22359583851945264), 'reg_lambda': np.float64(0.9632225394406113), 'subsample': np.float64(0.6048617898759265)}",-0.26516253866856365,-0.28221475281976766,-0.29149934304424685,-0.30393138339189907,-0.28057197068564826,-0.28467599772202506,0.012814084183406866,85,397.50853204727173,3.6126084327697754
5.101701879501343,0.20563693293188914,0.040430212020874025,0.005134549299797954,0.9879515306830556,0.021579955975288057,0.13867146705471067,11,5,702,0.9191157152786594,0.2529901679892411,0.878164449242659,"{'colsample_bytree': np.float64(0.9879515306830556), 'gamma': np.float64(0.021579955975288057), 'learning_rate': np.float64(0.13867146705471067), 'max_depth': 11, 'min_child_weight': 5, 'n_estimators': 702, 'reg_alpha': np.float64(0.9191157152786594), 'reg_lambda': np.float64(0.2529901679892411), 'subsample': np.float64(0.878164449242659)}",-0.2718133776493602,-0.27972911942202083,-0.3062302704255701,-0.30266373394992546,-0.26214622303524426,-0.28451654489642414,0.017236748810905318,84,397.50853204727173,3.6126084327697754
8.029958724975586,0.23008276310281184,0.1194836139678955,0.010280062608753852,0.6301738188359077,0.08310771595462646,0.037521365987973676,6,5,1065,0.5843143119231002,0.901158010490989,0.6181785521365831,"{'colsample_bytree': np.float64(0.6301738188359077), 'gamma': np.float64(0.08310771595462646), 'learning_rate': np.float64(0.037521365987973676), 'max_depth': 6, 'min_child_weight': 5, 'n_estimators': 1065, 'reg_alpha': np.float64(0.5843143119231002), 'reg_lambda': np.float64(0.901158010490989), 'subsample': np.float64(0.6181785521365831)}",-0.26231050510698395,-0.27369799040537474,-0.284764638630686,-0.29395205044392275,-0.26501017957284784,-0.27594707283196307,0.01193782786492408,43,397.50853204727173,3.6126084327697754
2.8858809947967528,0.2720033517809755,0.04068212509155274,0.00786667456394059,0.7123852758368922,0.47520574203827937,0.13853956758363745,9,8,1167,0.3356600647969632,0.16967990389556553,0.8587393446674896,"{'colsample_bytree': np.float64(0.7123852758368922), 'gamma': np.float64(0.47520574203827937), 'learning_rate': np.float64(0.13853956758363745), 'max_depth': 9, 'min_child_weight': 8, 'n_estimators': 1167, 'reg_alpha': np.float64(0.3356600647969632), 'reg_lambda': np.float64(0.16967990389556553), 'subsample': np.float64(0.8587393446674896)}",-0.25741256305918186,-0.28414965542638,-0.3033921156261102,-0.28600607550252916,-0.2696571626426873,-0.28012351445137773,0.01560496055504042,56,397.50853204727173,3.6126084327697754
8.035093593597413,0.17336588146540746,0.07793145179748535,0.008059209613612112,0.7553073535959489,0.11469737285247483,0.04489068874463584,10,9,1239,0.9862107444796029,0.6981617140197451,0.8144385465376481,"{'colsample_bytree': np.float64(0.7553073535959489), 'gamma': np.float64(0.11469737285247483), 'learning_rate': np.float64(0.04489068874463584), 'max_depth': 10, 'min_child_weight': 9, 'n_estimators': 1239, 'reg_alpha': np.float64(0.9862107444796029), 'reg_lambda': np.float64(0.6981617140197451), 'subsample': np.float64(0.8144385465376481)}",-0.2581822148739378,-0.280333365809698,-0.28816700554317304,-0.2899370206138238,-0.262348122211888,-0.27579354581050414,0.013150579789474532,39,397.50853204727173,3.6126084327697754
2.817339468002319,0.2230410085369903,0.030751991271972656,0.006772955132232577,0.7238110465145311,0.40689750985347434,0.10770967588308189,10,3,752,0.9405318271353834,0.4166390577384792,0.8324650484723305,"{'colsample_bytree': np.float64(0.7238110465145311), 'gamma': np.float64(0.40689750985347434), 'learning_rate': np.float64(0.10770967588308189), 'max_depth': 10, 'min_child_weight': 3, 'n_estimators': 752, 'reg_alpha': np.float64(0.9405318271353834), 'reg_lambda': np.float64(0.4166390577384792), 'subsample': np.float64(0.8324650484723305)}",-0.262900463286085,-0.27700884936176884,-0.29033447309113725,-0.2932354119940774,-0.26349444656296356,-0.2773947288592064,0.012820411135163568,48,397.50853204727173,3.6126084327697754
4.186767292022705,0.10608375097661096,0.04224386215209961,0.006441658591722477,0.9676706207342238,0.04137421001765307,0.1364992228888689,8,5,618,0.41125511658536906,0.7776022837352256,0.7921480327465419,"{'colsample_bytree': np.float64(0.9676706207342238), 'gamma': np.float64(0.04137421001765307), 'learning_rate': np.float64(0.1364992228888689), 'max_depth': 8, 'min_child_weight': 5, 'n_estimators': 618, 'reg_alpha': np.float64(0.41125511658536906), 'reg_lambda': np.float64(0.7776022837352256), 'subsample': np.float64(0.7921480327465419)}",-0.2621247863056076,-0.28762644175993796,-0.2969109168858783,-0.3027957186405313,-0.27972649355923407,-0.28583687143023784,0.014234038373594299,88,397.50853204727173,3.6126084327697754
4.162210369110108,0.1311855407741754,0.05178775787353516,0.005278275937644481,0.9941144202662018,0.18836948496897038,0.11743674499641081,6,6,1326,0.8421189231357087,0.8383287047111379,0.7874772639179881,"{'colsample_bytree': np.float64(0.9941144202662018), 'gamma': np.float64(0.18836948496897038), 'learning_rate': np.float64(0.11743674499641081), 'max_depth': 6, 'min_child_weight': 6, 'n_estimators': 1326, 'reg_alpha': np.float64(0.8421189231357087), 'reg_lambda': np.float64(0.8383287047111379), 'subsample': np.float64(0.7874772639179881)}",-0.2725403342147684,-0.28180755050230727,-0.28749883551544925,-0.2919466836989804,-0.2691582697151962,-0.2805903347293403,0.008644886095745843,59,397.50853204727173,3.6126084327697754
20.522197866439818,0.25520777557728697,0.09916696548461915,0.012697378399937613,0.7659278009350661,0.13670353596535312,0.013456324497639068,11,1,1208,0.9997176732861306,0.9966368370739054,0.822172682241051,"{'colsample_bytree': np.float64(0.7659278009350661), 'gamma': np.float64(0.13670353596535312), 'learning_rate': np.float64(0.013456324497639068), 'max_depth': 11, 'min_child_weight': 1, 'n_estimators': 1208, 'reg_alpha': np.float64(0.9997176732861306), 'reg_lambda': np.float64(0.9966368370739054), 'subsample': np.float64(0.822172682241051)}",-0.2569854519696691,-0.2724066289009545,-0.28306731517331896,-0.2922912712971906,-0.2621404357827423,-0.2733782206247751,0.013019498467463513,22,397.50853204727173,3.6126084327697754
1.961618995666504,0.06655200731202461,0.030165433883666992,0.0029036182664127345,0.9075949660722042,0.472382864941214,0.1324471086016117,6,5,577,0.2050453285065249,0.25144243951179845,0.7098927188103635,"{'colsample_bytree': np.float64(0.9075949660722042), 'gamma': np.float64(0.472382864941214), 'learning_rate': np.float64(0.1324471086016117), 'max_depth': 6, 'min_child_weight': 5, 'n_estimators': 577, 'reg_alpha': np.float64(0.2050453285065249), 'reg_lambda': np.float64(0.25144243951179845), 'subsample': np.float64(0.7098927188103635)}",-0.26348171784008545,-0.28042362123479847,-0.2949137583065189,-0.2926036871113655,-0.269323279920661,-0.28014921288268585,0.012395057444984658,57,397.50853204727173,3.6126084327697754
2.51715669631958,0.05360879759319766,0.03548178672790527,0.007370116794499386,0.6828910596032226,0.4391103337395961,0.1185498698258343,7,8,1050,0.6715731955927996,0.5203077009037933,0.9089273566942557,"{'colsample_bytree': np.float64(0.6828910596032226), 'gamma': np.float64(0.4391103337395961), 'learning_rate': np.float64(0.1185498698258343), 'max_depth': 7, 'min_child_weight': 8, 'n_estimators': 1050, 'reg_alpha': np.float64(0.6715731955927996), 'reg_lambda': np.float64(0.5203077009037933), 'subsample': np.float64(0.9089273566942557)}",-0.255260670477657,-0.2721605129866529,-0.2840491693175326,-0.29158265604352873,-0.26242195316606104,-0.27309499239828644,0.013376380344695588,19,397.50853204727173,3.6126084327697754
3.226603937149048,0.029008674388711277,0.03576550483703613,0.0035300162410705303,0.8080654004447974,0.42609075015927006,0.08778602581617283,10,9,900,0.13401522845064073,0.028782676313338973,0.9020549022694476,"{'colsample_bytree': np.float64(0.8080654004447974), 'gamma': np.float64(0.42609075015927006), 'learning_rate': np.float64(0.08778602581617283), 'max_depth': 10, 'min_child_weight': 9, 'n_estimators': 900, 'reg_alpha': np.float64(0.13401522845064073), 'reg_lambda': np.float64(0.028782676313338973), 'subsample': np.float64(0.9020549022694476)}",-0.2610516380401314,-0.2805247973605912,-0.29276281339765736,-0.2917143344286452,-0.26403260533606565,-0.2780172377126182,0.013377083621432327,51,397.50853204727173,3.6126084327697754
5.9827369213104244,0.38488320054367253,0.04645848274230957,0.0040741085810657145,0.8481238205413859,0.3520398840496118,0.036944624226336605,11,2,1305,0.6080878495418852,0.6366443216222826,0.8219262434168902,"{'colsample_bytree': np.float64(0.8481238205413859), 'gamma': np.float64(0.3520398840496118), 'learning_rate': np.float64(0.036944624226336605), 'max_depth': 11, 'min_child_weight': 2, 'n_estimators': 1305, 'reg_alpha': np.float64(0.6080878495418852), 'reg_lambda': np.float64(0.6366443216222826), 'subsample': np.float64(0.8219262434168902)}",-0.2583575443569321,-0.27421796826176625,-0.29060714884227773,-0.29197424765224517,-0.264363189727273,-0.27590401976809886,0.013552465132869904,42,397.50853204727173,3.6126084327697754
1.8760605335235596,0.036188198825502955,0.03206677436828613,0.0024867254907443128,0.6364008364205321,0.36319851632511413,0.08711694603486674,6,8,834,0.39654278232127016,0.6220867002278735,0.9449454834986981,"{'colsample_bytree': np.float64(0.6364008364205321), 'gamma': np.float64(0.36319851632511413), 'learning_rate': np.float64(0.08711694603486674), 'max_depth': 6, 'min_child_weight': 8, 'n_estimators': 834, 'reg_alpha': np.float64(0.39654278232127016), 'reg_lambda': np.float64(0.6220867002278735), 'subsample': np.float64(0.9449454834986981)}",-0.25174711551143003,-0.2690902832635989,-0.2859549567594269,-0.28648749078805313,-0.26350542869524324,-0.2713570550035504,0.013366860808687646,9,397.50853204727173,3.6126084327697754
3.6309435844421385,0.07051327558456041,0.03752079010009766,0.0048179100110009665,0.9798082494630569,0.07353674046451897,0.14398814377422417,7,1,1007,0.06623597785186586,0.04586126640463295,0.8483222737688365,"{'colsample_bytree': np.float64(0.9798082494630569), 'gamma': np.float64(0.07353674046451897), 'learning_rate': np.float64(0.14398814377422417), 'max_depth': 7, 'min_child_weight': 1, 'n_estimators': 1007, 'reg_alpha': np.float64(0.06623597785186586), 'reg_lambda': np.float64(0.04586126640463295), 'subsample': np.float64(0.8483222737688365)}",-0.2747748784787948,-0.28592409411162867,-0.3026234064612308,-0.3101885055754815,-0.2830328487594,-0.29130874667730716,0.013079148208393386,95,397.50853204727173,3.6126084327697754
4.015401363372803,0.2783401208191361,0.04138374328613281,0.004355963598034453,0.7389653632901657,0.10456539553925709,0.09194749017076076,8,3,610,0.12887972191064923,0.12804583895777244,0.6607610774049177,"{'colsample_bytree': np.float64(0.7389653632901657), 'gamma': np.float64(0.10456539553925709), 'learning_rate': np.float64(0.09194749017076076), 'max_depth': 8, 'min_child_weight': 3, 'n_estimators': 610, 'reg_alpha': np.float64(0.12887972191064923), 'reg_lambda': np.float64(0.12804583895777244), 'subsample': np.float64(0.6607610774049177)}",-0.2712573415470766,-0.2838028292890878,-0.2942190294869878,-0.30802136601114777,-0.26497391995792996,-0.28445489725844597,0.015523053009141604,82,397.50853204727173,3.6126084327697754
6.027988290786743,0.1159991548062824,0.07718539237976074,0.006362590664318605,0.655530869059764,0.3204373724016073,0.032282012659871726,6,3,1363,0.47396164026287235,0.6675577385210272,0.668927948480652,"{'colsample_bytree': np.float64(0.655530869059764), 'gamma': np.float64(0.3204373724016073), 'learning_rate': np.float64(0.032282012659871726), 'max_depth': 6, 'min_child_weight': 3, 'n_estimators': 1363, 'reg_alpha': np.float64(0.47396164026287235), 'reg_lambda': np.float64(0.6675577385210272), 'subsample': np.float64(0.668927948480652)}",-0.2580064222035094,-0.26891602780269513,-0.27606537350432914,-0.2864967420651558,-0.25824724718978964,-0.26954636255309583,0.010872446114357523,5,397.50853204727173,3.6126084327697754
18.59163718223572,0.40872200067405584,0.13157100677490235,0.00547691265285314,0.6769156075234684,0.02043430813323943,0.030340259460824682,9,6,904,0.5487153092074086,0.534423503732523,0.7423965937087944,"{'colsample_bytree': np.float64(0.6769156075234684), 'gamma': np.float64(0.02043430813323943), 'learning_rate': np.float64(0.030340259460824682), 'max_depth': 9, 'min_child_weight': 6, 'n_estimators': 904, 'reg_alpha': np.float64(0.5487153092074086), 'reg_lambda': np.float64(0.534423503732523), 'subsample': np.float64(0.7423965937087944)}",-0.2589907157320421,-0.27781769259603045,-0.28515156500057437,-0.29255224485214676,-0.26840112663118465,-0.2765826689623957,0.011886068064449373,46,397.50853204727173,3.6126084327697754
11.928832387924194,0.4363665948104561,0.11780548095703125,0.010008539749976673,0.9576869051583703,0.06437419914982195,0.05451492699652331,8,9,1293,0.7994103989090426,0.6279003894909078,0.6327036127795488,"{'colsample_bytree': np.float64(0.9576869051583703), 'gamma': np.float64(0.06437419914982195), 'learning_rate': np.float64(0.05451492699652331), 'max_depth': 8, 'min_child_weight': 9, 'n_estimators': 1293, 'reg_alpha': np.float64(0.7994103989090426), 'reg_lambda': np.float64(0.6279003894909078), 'subsample': np.float64(0.6327036127795488)}",-0.26498824451838815,-0.2774234491015871,-0.2877254312646945,-0.30320647438750636,-0.2746657743524563,-0.2816018747249265,0.01300644539436079,66,397.50853204727173,3.6126084327697754
7.377606678009033,0.08107069983380419,0.05641827583312988,0.004950674783496373,0.9494314496427109,0.4604362002659066,0.014161693978229563,7,4,756,0.08451700768068193,0.5972780822554306,0.9945027983467261,"{'colsample_bytree': np.float64(0.9494314496427109), 'gamma': np.float64(0.4604362002659066), 'learning_rate': np.float64(0.014161693978229563), 'max_depth': 7, 'min_child_weight': 4, 'n_estimators': 756, 'reg_alpha': np.float64(0.08451700768068193), 'reg_lambda': np.float64(0.5972780822554306), 'subsample': np.float64(0.9945027983467261)}",-0.2559542351486345,-0.2722874132764377,-0.2891788574289671,-0.2886427049274605,-0.2602915455213455,-0.27327095126056905,0.013846683838877088,21,397.50853204727173,3.6126084327697754
4.104730176925659,0.09446241238849007,0.04221649169921875,0.002689068772393241,0.814636258394933,0.46202087955371657,0.040417479967610644,9,7,577,0.4625347161331479,0.7474709381337565,0.6146732811562391,"{'colsample_bytree': np.float64(0.814636258394933), 'gamma': np.float64(0.46202087955371657), 'learning_rate': np.float64(0.040417479967610644), 'max_depth': 9, 'min_child_weight': 7, 'n_estimators': 577, 'reg_alpha': np.float64(0.4625347161331479), 'reg_lambda': np.float64(0.7474709381337565), 'subsample': np.float64(0.6146732811562391)}",-0.25201959066956975,-0.2699772729420517,-0.2788038702498689,-0.28749792738505875,-0.2634353330658045,-0.2703467988624707,0.012243159192464718,6,397.50853204727173,3.6126084327697754
3.3741508960723876,0.36376878280642533,0.03726096153259277,0.005292985778707575,0.7009747777376083,0.3566747929422762,0.1392810256530799,11,2,1005,0.35414667079312545,0.3971638325040825,0.6419476666129923,"{'colsample_bytree': np.float64(0.7009747777376083), 'gamma': np.float64(0.3566747929422762), 'learning_rate': np.float64(0.1392810256530799), 'max_depth': 11, 'min_child_weight': 2, 'n_estimators': 1005, 'reg_alpha': np.float64(0.35414667079312545), 'reg_lambda': np.float64(0.3971638325040825), 'subsample': np.float64(0.6419476666129923)}",-0.2781952370603233,-0.2919955034624866,-0.2972944553410898,-0.30577932723066353,-0.26481680055876106,-0.2876162647306649,0.014500436363310791,90,397.50853204727173,3.6126084327697754
2.604633092880249,0.03977566388394388,0.028999185562133788,0.003673570941500234,0.8949620824375276,0.09114193923797903,0.08959476380282545,6,7,585,0.32749735217791465,0.11976213181925122,0.956210912295958,"{'colsample_bytree': np.float64(0.8949620824375276), 'gamma': np.float64(0.09114193923797903), 'learning_rate': np.float64(0.08959476380282545), 'max_depth': 6, 'min_child_weight': 7, 'n_estimators': 585, 'reg_alpha': np.float64(0.32749735217791465), 'reg_lambda': np.float64(0.11976213181925122), 'subsample': np.float64(0.956210912295958)}",-0.25780439466998406,-0.27052574337164037,-0.28566652881836085,-0.2915048597490563,-0.26534905040665807,-0.2741701154031399,0.012582450740962458,29,397.50853204727173,3.6126084327697754
2.3293192863464354,0.17960431813779879,0.029802846908569335,0.008856719746113571,0.8374369814216195,0.3395511595722448,0.12337568579110074,10,2,610,0.5841994847141693,0.7368224753949129,0.823096906380175,"{'colsample_bytree': np.float64(0.8374369814216195), 'gamma': np.float64(0.3395511595722448), 'learning_rate': np.float64(0.12337568579110074), 'max_depth': 10, 'min_child_weight': 2, 'n_estimators': 610, 'reg_alpha': np.float64(0.5841994847141693), 'reg_lambda': np.float64(0.7368224753949129), 'subsample': np.float64(0.823096906380175)}",-0.2764276914912846,-0.28189532283528074,-0.29179127697435364,-0.29019225794063463,-0.2678476170314624,-0.2816308332546032,0.008873018625452476,67,397.50853204727173,3.6126084327697754
4.401575708389283,0.1155212697649779,0.04576144218444824,0.009326004872982832,0.8346141738643036,0.28222927126132064,0.061815893892693395,10,6,1191,0.6459172413316012,0.5707783046689119,0.7424386903591385,"{'colsample_bytree': np.float64(0.8346141738643036), 'gamma': np.float64(0.28222927126132064), 'learning_rate': np.float64(0.061815893892693395), 'max_depth': 10, 'min_child_weight': 6, 'n_estimators': 1191, 'reg_alpha': np.float64(0.6459172413316012), 'reg_lambda': np.float64(0.5707783046689119), 'subsample': np.float64(0.7424386903591385)}",-0.2562789648911026,-0.27146009543388827,-0.2836325325369124,-0.29830738920515903,-0.269228469229903,-0.275781490259393,0.014219845440439279,38,397.50853204727173,3.6126084327697754
5.4702311038970945,0.1376496460497198,0.045876502990722656,0.005939346751296682,0.9946060995171919,0.3028874096784436,0.04058401876039917,11,5,1209,0.36535681967405764,0.4878098008087379,0.9403270071344585,"{'colsample_bytree': np.float64(0.9946060995171919), 'gamma': np.float64(0.3028874096784436), 'learning_rate': np.float64(0.04058401876039917), 'max_depth': 11, 'min_child_weight': 5, 'n_estimators': 1209, 'reg_alpha': np.float64(0.36535681967405764), 'reg_lambda': np.float64(0.4878098008087379), 'subsample': np.float64(0.9403270071344585)}",-0.25630616936673734,-0.27776943737372295,-0.2963809077631697,-0.2993675665867606,-0.26857891719281823,-0.27968059965664177,0.016369122419588513,53,397.50853204727173,3.6126084327697754
4.951155757904052,0.11786872705936353,0.062423992156982425,0.010811478431812165,0.6351550498160575,0.4029324433705717,0.013348023403546301,6,7,1398,0.5245113895702547,0.4103968269896615,0.9929514467634426,"{'colsample_bytree': np.float64(0.6351550498160575), 'gamma': np.float64(0.4029324433705717), 'learning_rate': np.float64(0.013348023403546301), 'max_depth': 6, 'min_child_weight': 7, 'n_estimators': 1398, 'reg_alpha': np.float64(0.5245113895702547), 'reg_lambda': np.float64(0.4103968269896615), 'subsample': np.float64(0.9929514467634426)}",-0.2512179882518662,-0.2638297546718173,-0.27837654296312553,-0.2802027380134325,-0.2538757929940103,-0.26550056337885036,0.012032153836567411,2,397.50853204727173,3.6126084327697754
2.0188098430633543,0.1282392494894025,0.023357248306274413,0.0028137127038406,0.6448155608672209,0.19892779952287082,0.15042056499130532,9,6,617,0.25790282704493983,0.17088758739006582,0.8674572879697724,"{'colsample_bytree': np.float64(0.6448155608672209), 'gamma': np.float64(0.19892779952287082), 'learning_rate': np.float64(0.15042056499130532), 'max_depth': 9, 'min_child_weight': 6, 'n_estimators': 617, 'reg_alpha': np.float64(0.25790282704493983), 'reg_lambda': np.float64(0.17088758739006582), 'subsample': np.float64(0.8674572879697724)}",-0.2697713536749619,-0.28098667387562715,-0.29449058930141986,-0.293292136148897,-0.27419470537800733,-0.2825470916757826,0.009934987250185365,78,397.50853204727173,3.6126084327697754
2.9808515071868897,0.06686772442691061,0.03318243026733399,0.0047171219530876204,0.9717503956510343,0.2783814465069649,0.09074190342048498,8,5,825,0.9679940665042343,0.7109524788367483,0.6798027709353279,"{'colsample_bytree': np.float64(0.9717503956510343), 'gamma': np.float64(0.2783814465069649), 'learning_rate': np.float64(0.09074190342048498), 'max_depth': 8, 'min_child_weight': 5, 'n_estimators': 825, 'reg_alpha': np.float64(0.9679940665042343), 'reg_lambda': np.float64(0.7109524788367483), 'subsample': np.float64(0.6798027709353279)}",-0.2617148490851238,-0.2798521554699114,-0.28653922249588387,-0.2997629314632788,-0.274616515462323,-0.28049713479530414,0.012613085931695701,58,397.50853204727173,3.6126084327697754
3.5744064807891847,0.037492091893164776,0.042593526840209964,0.002737145793378725,0.8944988734793953,0.26492001159055834,0.11108451434666668,11,6,1304,0.506103956359347,0.9320143422569341,0.7282568768638057,"{'colsample_bytree': np.float64(0.8944988734793953), 'gamma': np.float64(0.26492001159055834), 'learning_rate': np.float64(0.11108451434666668), 'max_depth': 11, 'min_child_weight': 6, 'n_estimators': 1304, 'reg_alpha': np.float64(0.506103956359347), 'reg_lambda': np.float64(0.9320143422569341), 'subsample': np.float64(0.7282568768638057)}",-0.26128719742556356,-0.28817066940904235,-0.28818190602297544,-0.2957734721387538,-0.2754304051394497,-0.28176873002715697,0.012148366111599326,69,397.50853204727173,3.6126084327697754
3.5541874885559084,0.10373919889868763,0.03861932754516602,0.007096131494661441,0.8375532390231595,0.18461524075494806,0.07314019583286495,10,7,1149,0.9899602323899452,0.32235384497472297,0.923949778341854,"{'colsample_bytree': np.float64(0.8375532390231595), 'gamma': np.float64(0.18461524075494806), 'learning_rate': np.float64(0.07314019583286495), 'max_depth': 10, 'min_child_weight': 7, 'n_estimators': 1149, 'reg_alpha': np.float64(0.9899602323899452), 'reg_lambda': np.float64(0.32235384497472297), 'subsample': np.float64(0.923949778341854)}",-0.2613649037098403,-0.27175718006154775,-0.2930168229536411,-0.2879607324208061,-0.2616441806986399,-0.2751487639688951,0.013170311172027107,34,397.50853204727173,3.6126084327697754
2.3385024547576903,0.07221978593321372,0.03326263427734375,0.004609371695638697,0.7018562619055055,0.34075136111196463,0.11903417898345298,8,8,1049,0.41184091414726853,0.3488682665429953,0.9718116576991304,"{'colsample_bytree': np.float64(0.7018562619055055), 'gamma': np.float64(0.34075136111196463), 'learning_rate': np.float64(0.11903417898345298), 'max_depth': 8, 'min_child_weight': 8, 'n_estimators': 1049, 'reg_alpha': np.float64(0.41184091414726853), 'reg_lambda': np.float64(0.3488682665429953), 'subsample': np.float64(0.9718116576991304)}",-0.2559216445722348,-0.28616746065749,-0.291427024755422,-0.3013517628690871,-0.2765253107235687,-0.2822786407155605,0.015429788666478395,72,397.50853204727173,3.6126084327697754
5.967176342010498,0.08493139105541052,0.07091174125671387,0.004445731664651046,0.9322477631150916,0.4825134553332563,0.02364458352283171,8,9,1429,0.18123306616566015,0.0664962673667775,0.8964482597160236,"{'colsample_bytree': np.float64(0.9322477631150916), 'gamma': np.float64(0.4825134553332563), 'learning_rate': np.float64(0.02364458352283171), 'max_depth': 8, 'min_child_weight': 9, 'n_estimators': 1429, 'reg_alpha': np.float64(0.18123306616566015), 'reg_lambda': np.float64(0.0664962673667775), 'subsample': np.float64(0.8964482597160236)}",-0.25188743041817174,-0.27217162166939657,-0.284268685681279,-0.28973800275642064,-0.2596893533388984,-0.2715510187728333,0.014284581896694402,11,397.50853204727173,3.6126084327697754
4.586324882507324,0.19487784371059935,0.057874011993408206,0.006352297782419098,0.8297892452719647,0.42091438837913603,0.025965856493943423,6,5,769,0.7995371309195156,0.8251326766927972,0.6745619947152576,"{'colsample_bytree': np.float64(0.8297892452719647), 'gamma': np.float64(0.42091438837913603), 'learning_rate': np.float64(0.025965856493943423), 'max_depth': 6, 'min_child_weight': 5, 'n_estimators': 769, 'reg_alpha': np.float64(0.7995371309195156), 'reg_lambda': np.float64(0.8251326766927972), 'subsample': np.float64(0.6745619947152576)}",-0.2528483596134157,-0.26693758189755934,-0.2782023161400125,-0.28575317189835203,-0.2613283909339995,-0.26901396409666783,0.011741661358469217,4,397.50853204727173,3.6126084327697754
2.7106262683868407,0.06172325692536193,0.03968648910522461,0.002548883845920131,0.6942766984259999,0.3168792818600886,0.1411799195693774,6,9,901,0.8165994394715771,0.4391349085702184,0.7507777717699631,"{'colsample_bytree': np.float64(0.6942766984259999), 'gamma': np.float64(0.3168792818600886), 'learning_rate': np.float64(0.1411799195693774), 'max_depth': 6, 'min_child_weight': 9, 'n_estimators': 901, 'reg_alpha': np.float64(0.8165994394715771), 'reg_lambda': np.float64(0.4391349085702184), 'subsample': np.float64(0.7507777717699631)}",-0.271135380856088,-0.2778534736761533,-0.29076562569568676,-0.3054221585132716,-0.2773362214004047,-0.28450257202832085,0.012256458134352598,83,397.50853204727173,3.6126084327697754
2.985922861099243,0.11426331299527771,0.03833661079406738,0.0045073410419512175,0.7850719142678426,0.15068893708207104,0.11714140702643767,6,9,644,0.8995745732745685,0.3838912213732114,0.8174211444455954,"{'colsample_bytree': np.float64(0.7850719142678426), 'gamma': np.float64(0.15068893708207104), 'learning_rate': np.float64(0.11714140702643767), 'max_depth': 6, 'min_child_weight': 9, 'n_estimators': 644, 'reg_alpha': np.float64(0.8995745732745685), 'reg_lambda': np.float64(0.3838912213732114), 'subsample': np.float64(0.8174211444455954)}",-0.2683842550770265,-0.2816459408613614,-0.2874358900078322,-0.2971865643393458,-0.273684616049662,-0.2816674532670456,0.01014186548801568,68,397.50853204727173,3.6126084327697754
8.991189956665039,0.17363262024053955,0.06468777656555176,0.007512610636337511,0.9625888443858188,0.31211899795699605,0.02253470610625461,11,3,890,0.7305491368093014,0.6937176074033384,0.6666923039973532,"{'colsample_bytree': np.float64(0.9625888443858188), 'gamma': np.float64(0.31211899795699605), 'learning_rate': np.float64(0.02253470610625461), 'max_depth': 11, 'min_child_weight': 3, 'n_estimators': 890, 'reg_alpha': np.float64(0.7305491368093014), 'reg_lambda': np.float64(0.6937176074033384), 'subsample': np.float64(0.6666923039973532)}",-0.25530515112128677,-0.2713007156234336,-0.28256966419993995,-0.29096766754106507,-0.2617740346576208,-0.27238344662866926,0.013073120527009608,15,397.50853204727173,3.6126084327697754
2.9757845878601072,0.2677731128161035,0.03315720558166504,0.0044947411798968925,0.9514516461493753,0.24771181320198282,0.11621913667085682,8,4,656,0.15167487973275118,0.31172206779554823,0.6993956559257863,"{'colsample_bytree': np.float64(0.9514516461493753), 'gamma': np.float64(0.24771181320198282), 'learning_rate': np.float64(0.11621913667085682), 'max_depth': 8, 'min_child_weight': 4, 'n_estimators': 656, 'reg_alpha': np.float64(0.15167487973275118), 'reg_lambda': np.float64(0.31172206779554823), 'subsample': np.float64(0.6993956559257863)}",-0.267109587365062,-0.28421477160260333,-0.2907977252170872,-0.29876720545391255,-0.27066945029192624,-0.28231174798611824,0.011942061564674603,74,397.50853204727173,3.6126084327697754
7.3673981666564945,0.15889695931378323,0.06367297172546386,0.007934799549798607,0.8975785170290708,0.01676621736788969,0.09048345273069748,7,5,1134,0.7546352918601166,0.10291603074414502,0.8145925405938379,"{'colsample_bytree': np.float64(0.8975785170290708), 'gamma': np.float64(0.01676621736788969), 'learning_rate': np.float64(0.09048345273069748), 'max_depth': 7, 'min_child_weight': 5, 'n_estimators': 1134, 'reg_alpha': np.float64(0.7546352918601166), 'reg_lambda': np.float64(0.10291603074414502), 'subsample': np.float64(0.8145925405938379)}",-0.26234803769942244,-0.2811238205200435,-0.29345912215064573,-0.2994678178922876,-0.27556579080392,-0.28239291781326387,0.013145574016108852,75,397.50853204727173,3.6126084327697754
2.7513687133789064,0.16727554383117266,0.028958845138549804,0.0036542251691950196,0.7515286262227663,0.22850010964083917,0.09559368081087688,10,8,760,0.4863574819956078,0.4089551770854932,0.9087527922392981,"{'colsample_bytree': np.float64(0.7515286262227663), 'gamma': np.float64(0.22850010964083917), 'learning_rate': np.float64(0.09559368081087688), 'max_depth': 10, 'min_child_weight': 8, 'n_estimators': 760, 'reg_alpha': np.float64(0.4863574819956078), 'reg_lambda': np.float64(0.4089551770854932), 'subsample': np.float64(0.9087527922392981)}",-0.26420048773349475,-0.28223430382612424,-0.288479174332564,-0.2939396277864808,-0.27004712383775276,-0.27978014350328334,0.011132334715950735,55,397.50853204727173,3.6126084327697754
2.6636706352233888,0.06888260630388511,0.03683338165283203,0.0059348378899792345,0.6048812289272177,0.2992213506026135,0.08982625209844608,7,5,1159,0.18159771680142567,0.9084505613336283,0.8333567179064482,"{'colsample_bytree': np.float64(0.6048812289272177), 'gamma': np.float64(0.2992213506026135), 'learning_rate': np.float64(0.08982625209844608), 'max_depth': 7, 'min_child_weight': 5, 'n_estimators': 1159, 'reg_alpha': np.float64(0.18159771680142567), 'reg_lambda': np.float64(0.9084505613336283), 'subsample': np.float64(0.8333567179064482)}",-0.25167920053852255,-0.274166021608244,-0.2822423271201551,-0.2978137786884893,-0.26173734577244884,-0.27352773474557196,0.016015837036543957,25,397.50853204727173,3.6126084327697754
2.913705825805664,0.13299013225006237,0.031166887283325194,0.0036934308405327824,0.7603405667054559,0.23100290182206634,0.1470925009417723,9,8,1457,0.1007946030158865,0.2560155318536622,0.8904382344249603,"{'colsample_bytree': np.float64(0.7603405667054559), 'gamma': np.float64(0.23100290182206634), 'learning_rate': np.float64(0.1470925009417723), 'max_depth': 9, 'min_child_weight': 8, 'n_estimators': 1457, 'reg_alpha': np.float64(0.1007946030158865), 'reg_lambda': np.float64(0.2560155318536622), 'subsample': np.float64(0.8904382344249603)}",-0.26825393302191003,-0.27986862882752167,-0.29460448181619825,-0.30564262518974467,-0.2656412121799818,-0.28280217620707127,0.015334512015470508,79,397.50853204727173,3.6126084327697754
